userid,usergroup_title,course_id,title,alias,catid
25515,Core K-5 Year 1,42741,Beyond Your Classroom ,copy-core-k-5-year-1-module-4,88
25515,Core K-5 Year 1,42785,Culture in the Classroom ,copy-core-k-5-year-1-module-3,88
25515,Core K-5 Year 1,42869,Globalizing Your Classroom ,copy-core-k-5-year-1-module-2,88
25515,Core K-5 Year 1,43669,Becoming a Global Educator,copy-core-k-5-year-1-module-1-training,88
25516,Core 6-12 Year 1,42769,Globalizing Your Classroom ,copy-core-6-12-year-1-module-2,91
25516,Core 6-12 Year 1,42797,Teaching Conceptually ,copy-core-6-12-year-1-module-3,91
25516,Core 6-12 Year 1,42801,Social Entrepreneurship ,copy-core-6-12-year-1-module-4,91
25516,Core 6-12 Year 1,43817,Becoming a Global Educator,copy-core-6-12-year-1-module-1-training,91
25518,Core 6-12 Year 1,42769,Globalizing Your Classroom ,copy-core-6-12-year-1-module-2,91
25518,Core 6-12 Year 1,42797,Teaching Conceptually ,copy-core-6-12-year-1-module-3,91
25518,Core 6-12 Year 1,42801,Social Entrepreneurship ,copy-core-6-12-year-1-module-4,91
25518,Core 6-12 Year 1,43817,Becoming a Global Educator,copy-core-6-12-year-1-module-1-training,91
25519,Core 6-12 Year 1,42769,Globalizing Your Classroom ,copy-core-6-12-year-1-module-2,91
25519,Core 6-12 Year 1,42797,Teaching Conceptually ,copy-core-6-12-year-1-module-3,91
25519,Core 6-12 Year 1,42801,Social Entrepreneurship ,copy-core-6-12-year-1-module-4,91
25519,Core 6-12 Year 1,43817,Becoming a Global Educator,copy-core-6-12-year-1-module-1-training,91
25520,Core 6-12 Year 1,42769,Globalizing Your Classroom ,copy-core-6-12-year-1-module-2,91
25520,Core 6-12 Year 1,42797,Teaching Conceptually ,copy-core-6-12-year-1-module-3,91
25520,Core 6-12 Year 1,42801,Social Entrepreneurship ,copy-core-6-12-year-1-module-4,91
25520,Core 6-12 Year 1,43817,Becoming a Global Educator,copy-core-6-12-year-1-module-1-training,91
25521,Core 6-12 Year 1,42769,Globalizing Your Classroom ,copy-core-6-12-year-1-module-2,91
25521,Core 6-12 Year 1,42797,Teaching Conceptually ,copy-core-6-12-year-1-module-3,91
25521,Core 6-12 Year 1,42801,Social Entrepreneurship ,copy-core-6-12-year-1-module-4,91
25521,Core 6-12 Year 1,43817,Becoming a Global Educator,copy-core-6-12-year-1-module-1-training,91
25522,Core 6-12 Year 1,42769,Globalizing Your Classroom ,copy-core-6-12-year-1-module-2,91
25522,Core 6-12 Year 1,42797,Teaching Conceptually ,copy-core-6-12-year-1-module-3,91
25522,Core 6-12 Year 1,42801,Social Entrepreneurship ,copy-core-6-12-year-1-module-4,91
25522,Core 6-12 Year 1,43817,Becoming a Global Educator,copy-core-6-12-year-1-module-1-training,91
25523,Core 6-12 Year 1,42769,Globalizing Your Classroom ,copy-core-6-12-year-1-module-2,91
25523,Core 6-12 Year 1,42797,Teaching Conceptually ,copy-core-6-12-year-1-module-3,91
25523,Core 6-12 Year 1,42801,Social Entrepreneurship ,copy-core-6-12-year-1-module-4,91
25523,Core 6-12 Year 1,43817,Becoming a Global Educator,copy-core-6-12-year-1-module-1-training,91
25524,Core K-5 Year 1,42741,Beyond Your Classroom ,copy-core-k-5-year-1-module-4,88
25524,Core K-5 Year 1,42785,Culture in the Classroom ,copy-core-k-5-year-1-module-3,88
25524,Core K-5 Year 1,42869,Globalizing Your Classroom ,copy-core-k-5-year-1-module-2,88
25524,Core K-5 Year 1,43669,Becoming a Global Educator,copy-core-k-5-year-1-module-1-training,88
25525,Core 6-12 Year 1,42769,Globalizing Your Classroom ,copy-core-6-12-year-1-module-2,91
25525,Core 6-12 Year 1,42797,Teaching Conceptually ,copy-core-6-12-year-1-module-3,91
25525,Core 6-12 Year 1,42801,Social Entrepreneurship ,copy-core-6-12-year-1-module-4,91
25525,Core 6-12 Year 1,43817,Becoming a Global Educator,copy-core-6-12-year-1-module-1-training,91
25526,Core 6-12 Year 1,42769,Globalizing Your Classroom ,copy-core-6-12-year-1-module-2,91
25526,Core 6-12 Year 1,42797,Teaching Conceptually ,copy-core-6-12-year-1-module-3,91
25526,Core 6-12 Year 1,42801,Social Entrepreneurship ,copy-core-6-12-year-1-module-4,91
25526,Core 6-12 Year 1,43817,Becoming a Global Educator,copy-core-6-12-year-1-module-1-training,91
25528,Core 6-12 Year 1,42769,Globalizing Your Classroom ,copy-core-6-12-year-1-module-2,91
25528,Core 6-12 Year 1,42797,Teaching Conceptually ,copy-core-6-12-year-1-module-3,91
25528,Core 6-12 Year 1,42801,Social Entrepreneurship ,copy-core-6-12-year-1-module-4,91
25528,Core 6-12 Year 1,43817,Becoming a Global Educator,copy-core-6-12-year-1-module-1-training,91
25529,Core 6-12 Year 1,42769,Globalizing Your Classroom ,copy-core-6-12-year-1-module-2,91
25529,Core 6-12 Year 1,42797,Teaching Conceptually ,copy-core-6-12-year-1-module-3,91
25529,Core 6-12 Year 1,42801,Social Entrepreneurship ,copy-core-6-12-year-1-module-4,91
25529,Core 6-12 Year 1,43817,Becoming a Global Educator,copy-core-6-12-year-1-module-1-training,91
25531,Core K-5 Year 1,42741,Beyond Your Classroom ,copy-core-k-5-year-1-module-4,88
25531,Core K-5 Year 1,42785,Culture in the Classroom ,copy-core-k-5-year-1-module-3,88
25531,Core K-5 Year 1,42869,Globalizing Your Classroom ,copy-core-k-5-year-1-module-2,88
25531,Core K-5 Year 1,43669,Becoming a Global Educator,copy-core-k-5-year-1-module-1-training,88
25532,Core K-5 Year 1,42741,Beyond Your Classroom ,copy-core-k-5-year-1-module-4,88
25532,Core K-5 Year 1,42785,Culture in the Classroom ,copy-core-k-5-year-1-module-3,88
25532,Core K-5 Year 1,42869,Globalizing Your Classroom ,copy-core-k-5-year-1-module-2,88
25532,Core K-5 Year 1,43669,Becoming a Global Educator,copy-core-k-5-year-1-module-1-training,88
25533,Core 6-12 Year 1,42769,Globalizing Your Classroom ,copy-core-6-12-year-1-module-2,91
25533,Core 6-12 Year 1,42797,Teaching Conceptually ,copy-core-6-12-year-1-module-3,91
25533,Core 6-12 Year 1,42801,Social Entrepreneurship ,copy-core-6-12-year-1-module-4,91
25533,Core 6-12 Year 1,43817,Becoming a Global Educator,copy-core-6-12-year-1-module-1-training,91
25534,Core K-5 Year 1,42741,Beyond Your Classroom ,copy-core-k-5-year-1-module-4,88
25534,Core K-5 Year 1,42785,Culture in the Classroom ,copy-core-k-5-year-1-module-3,88
25534,Core K-5 Year 1,42869,Globalizing Your Classroom ,copy-core-k-5-year-1-module-2,88
25534,Core K-5 Year 1,43669,Becoming a Global Educator,copy-core-k-5-year-1-module-1-training,88
25535,Core 6-12 Year 1,42769,Globalizing Your Classroom ,copy-core-6-12-year-1-module-2,91
25535,Core 6-12 Year 1,42797,Teaching Conceptually ,copy-core-6-12-year-1-module-3,91
25535,Core 6-12 Year 1,42801,Social Entrepreneurship ,copy-core-6-12-year-1-module-4,91
25535,Core 6-12 Year 1,43817,Becoming a Global Educator,copy-core-6-12-year-1-module-1-training,91
25536,Core 6-12 Year 1,42769,Globalizing Your Classroom ,copy-core-6-12-year-1-module-2,91
25536,Core 6-12 Year 1,42797,Teaching Conceptually ,copy-core-6-12-year-1-module-3,91
25536,Core 6-12 Year 1,42801,Social Entrepreneurship ,copy-core-6-12-year-1-module-4,91
25536,Core 6-12 Year 1,43817,Becoming a Global Educator,copy-core-6-12-year-1-module-1-training,91
25537,Core K-5 Year 1,42741,Beyond Your Classroom ,copy-core-k-5-year-1-module-4,88
25537,Core K-5 Year 1,42785,Culture in the Classroom ,copy-core-k-5-year-1-module-3,88
25537,Core K-5 Year 1,42869,Globalizing Your Classroom ,copy-core-k-5-year-1-module-2,88
25537,Core K-5 Year 1,43669,Becoming a Global Educator,copy-core-k-5-year-1-module-1-training,88
25538,Core K-5 Year 1,42741,Beyond Your Classroom ,copy-core-k-5-year-1-module-4,88
25538,Core K-5 Year 1,42785,Culture in the Classroom ,copy-core-k-5-year-1-module-3,88
25538,Core K-5 Year 1,42869,Globalizing Your Classroom ,copy-core-k-5-year-1-module-2,88
25538,Core K-5 Year 1,43669,Becoming a Global Educator,copy-core-k-5-year-1-module-1-training,88
25539,Core K-5 Year 1,42741,Beyond Your Classroom ,copy-core-k-5-year-1-module-4,88
25539,Core K-5 Year 1,42785,Culture in the Classroom ,copy-core-k-5-year-1-module-3,88
25539,Core K-5 Year 1,42869,Globalizing Your Classroom ,copy-core-k-5-year-1-module-2,88
25539,Core K-5 Year 1,43669,Becoming a Global Educator,copy-core-k-5-year-1-module-1-training,88
25540,Core 6-12 Year 1,42769,Globalizing Your Classroom ,copy-core-6-12-year-1-module-2,91
25540,Core 6-12 Year 1,42797,Teaching Conceptually ,copy-core-6-12-year-1-module-3,91
25540,Core 6-12 Year 1,42801,Social Entrepreneurship ,copy-core-6-12-year-1-module-4,91
25540,Core 6-12 Year 1,43817,Becoming a Global Educator,copy-core-6-12-year-1-module-1-training,91
25541,Core 6-12 Year 1,42769,Globalizing Your Classroom ,copy-core-6-12-year-1-module-2,91
25541,Core 6-12 Year 1,42797,Teaching Conceptually ,copy-core-6-12-year-1-module-3,91
25541,Core 6-12 Year 1,42801,Social Entrepreneurship ,copy-core-6-12-year-1-module-4,91
25541,Core 6-12 Year 1,43817,Becoming a Global Educator,copy-core-6-12-year-1-module-1-training,91
25542,Core K-5 Year 1,42741,Beyond Your Classroom ,copy-core-k-5-year-1-module-4,88
25542,Core K-5 Year 1,42785,Culture in the Classroom ,copy-core-k-5-year-1-module-3,88
25542,Core K-5 Year 1,42869,Globalizing Your Classroom ,copy-core-k-5-year-1-module-2,88
25542,Core K-5 Year 1,43669,Becoming a Global Educator,copy-core-k-5-year-1-module-1-training,88
25543,Core 6-12 Year 1,42769,Globalizing Your Classroom ,copy-core-6-12-year-1-module-2,91
25543,Core 6-12 Year 1,42797,Teaching Conceptually ,copy-core-6-12-year-1-module-3,91
25543,Core 6-12 Year 1,42801,Social Entrepreneurship ,copy-core-6-12-year-1-module-4,91
25543,Core 6-12 Year 1,43817,Becoming a Global Educator,copy-core-6-12-year-1-module-1-training,91
25544,Core 6-12 Year 1,42769,Globalizing Your Classroom ,copy-core-6-12-year-1-module-2,91
25544,Core 6-12 Year 1,42797,Teaching Conceptually ,copy-core-6-12-year-1-module-3,91
25544,Core 6-12 Year 1,42801,Social Entrepreneurship ,copy-core-6-12-year-1-module-4,91
25544,Core 6-12 Year 1,43817,Becoming a Global Educator,copy-core-6-12-year-1-module-1-training,91
25545,Core 6-12 Year 1,42769,Globalizing Your Classroom ,copy-core-6-12-year-1-module-2,91
25545,Core 6-12 Year 1,42797,Teaching Conceptually ,copy-core-6-12-year-1-module-3,91
25545,Core 6-12 Year 1,42801,Social Entrepreneurship ,copy-core-6-12-year-1-module-4,91
25545,Core 6-12 Year 1,43817,Becoming a Global Educator,copy-core-6-12-year-1-module-1-training,91
25546,Core 6-12 Year 1,42769,Globalizing Your Classroom ,copy-core-6-12-year-1-module-2,91
25546,Core 6-12 Year 1,42797,Teaching Conceptually ,copy-core-6-12-year-1-module-3,91
25546,Core 6-12 Year 1,42801,Social Entrepreneurship ,copy-core-6-12-year-1-module-4,91
25546,Core 6-12 Year 1,43817,Becoming a Global Educator,copy-core-6-12-year-1-module-1-training,91
25548,Core 6-12 Year 1,42769,Globalizing Your Classroom ,copy-core-6-12-year-1-module-2,91
25548,Core 6-12 Year 1,42797,Teaching Conceptually ,copy-core-6-12-year-1-module-3,91
25548,Core 6-12 Year 1,42801,Social Entrepreneurship ,copy-core-6-12-year-1-module-4,91
25548,Core 6-12 Year 1,43817,Becoming a Global Educator,copy-core-6-12-year-1-module-1-training,91
25869,Core K-5 Year 1,42741,Beyond Your Classroom ,copy-core-k-5-year-1-module-4,88
25869,Core K-5 Year 1,42785,Culture in the Classroom ,copy-core-k-5-year-1-module-3,88
25869,Core K-5 Year 1,42869,Globalizing Your Classroom ,copy-core-k-5-year-1-module-2,88
25869,Core K-5 Year 1,43669,Becoming a Global Educator,copy-core-k-5-year-1-module-1-training,88
26736,Core K-5 Year 1,42741,Beyond Your Classroom ,copy-core-k-5-year-1-module-4,88
26736,Core K-5 Year 1,42785,Culture in the Classroom ,copy-core-k-5-year-1-module-3,88
26736,Core K-5 Year 1,42869,Globalizing Your Classroom ,copy-core-k-5-year-1-module-2,88
26736,Core K-5 Year 1,43669,Becoming a Global Educator,copy-core-k-5-year-1-module-1-training,88
26737,Core K-5 Year 1,42741,Beyond Your Classroom ,copy-core-k-5-year-1-module-4,88
26737,Core K-5 Year 1,42785,Culture in the Classroom ,copy-core-k-5-year-1-module-3,88
26737,Core K-5 Year 1,42869,Globalizing Your Classroom ,copy-core-k-5-year-1-module-2,88
26737,Core K-5 Year 1,43669,Becoming a Global Educator,copy-core-k-5-year-1-module-1-training,88
28878,Core 6-12 Year 1,42769,Globalizing Your Classroom ,copy-core-6-12-year-1-module-2,91
28878,Core 6-12 Year 1,42797,Teaching Conceptually ,copy-core-6-12-year-1-module-3,91
28878,Core 6-12 Year 1,42801,Social Entrepreneurship ,copy-core-6-12-year-1-module-4,91
28878,Core 6-12 Year 1,43817,Becoming a Global Educator,copy-core-6-12-year-1-module-1-training,91
28879,Core 6-12 Year 1,42769,Globalizing Your Classroom ,copy-core-6-12-year-1-module-2,91
28879,Core 6-12 Year 1,42797,Teaching Conceptually ,copy-core-6-12-year-1-module-3,91
28879,Core 6-12 Year 1,42801,Social Entrepreneurship ,copy-core-6-12-year-1-module-4,91
28879,Core 6-12 Year 1,43817,Becoming a Global Educator,copy-core-6-12-year-1-module-1-training,91
28880,Core 6-12 Year 1,42769,Globalizing Your Classroom ,copy-core-6-12-year-1-module-2,91
28880,Core 6-12 Year 1,42797,Teaching Conceptually ,copy-core-6-12-year-1-module-3,91
28880,Core 6-12 Year 1,42801,Social Entrepreneurship ,copy-core-6-12-year-1-module-4,91
28880,Core 6-12 Year 1,43817,Becoming a Global Educator,copy-core-6-12-year-1-module-1-training,91
28881,Core K-5 Year 1,42741,Beyond Your Classroom ,copy-core-k-5-year-1-module-4,88
28881,Core K-5 Year 1,42785,Culture in the Classroom ,copy-core-k-5-year-1-module-3,88
28881,Core K-5 Year 1,42869,Globalizing Your Classroom ,copy-core-k-5-year-1-module-2,88
28881,Core K-5 Year 1,43669,Becoming a Global Educator,copy-core-k-5-year-1-module-1-training,88
28882,Core K-5 Year 1,42741,Beyond Your Classroom ,copy-core-k-5-year-1-module-4,88
28882,Core K-5 Year 1,42785,Culture in the Classroom ,copy-core-k-5-year-1-module-3,88
28882,Core K-5 Year 1,42869,Globalizing Your Classroom ,copy-core-k-5-year-1-module-2,88
28882,Core K-5 Year 1,43669,Becoming a Global Educator,copy-core-k-5-year-1-module-1-training,88
31281,Core K-5 Year 1,42741,Beyond Your Classroom ,copy-core-k-5-year-1-module-4,88
31281,Core K-5 Year 1,42785,Culture in the Classroom ,copy-core-k-5-year-1-module-3,88
31281,Core K-5 Year 1,42869,Globalizing Your Classroom ,copy-core-k-5-year-1-module-2,88
31281,Core K-5 Year 1,43669,Becoming a Global Educator,copy-core-k-5-year-1-module-1-training,88
32738,Core K-5 Year 1,42741,Beyond Your Classroom ,copy-core-k-5-year-1-module-4,88
32738,Core K-5 Year 1,42785,Culture in the Classroom ,copy-core-k-5-year-1-module-3,88
32738,Core K-5 Year 1,42869,Globalizing Your Classroom ,copy-core-k-5-year-1-module-2,88
32738,Core K-5 Year 1,43669,Becoming a Global Educator,copy-core-k-5-year-1-module-1-training,88
34564,Core K-5 Year 1,42741,Beyond Your Classroom ,copy-core-k-5-year-1-module-4,88
34564,Core K-5 Year 1,42785,Culture in the Classroom ,copy-core-k-5-year-1-module-3,88
34564,Core K-5 Year 1,42869,Globalizing Your Classroom ,copy-core-k-5-year-1-module-2,88
34564,Core K-5 Year 1,43669,Becoming a Global Educator,copy-core-k-5-year-1-module-1-training,88
35987,Core K-5 Year 1,42741,Beyond Your Classroom ,copy-core-k-5-year-1-module-4,88
35987,Core K-5 Year 1,42785,Culture in the Classroom ,copy-core-k-5-year-1-module-3,88
35987,Core K-5 Year 1,42869,Globalizing Your Classroom ,copy-core-k-5-year-1-module-2,88
35987,Core K-5 Year 1,43669,Becoming a Global Educator,copy-core-k-5-year-1-module-1-training,88
35988,Core K-5 Year 1,42741,Beyond Your Classroom ,copy-core-k-5-year-1-module-4,88
35988,Core K-5 Year 1,42785,Culture in the Classroom ,copy-core-k-5-year-1-module-3,88
35988,Core K-5 Year 1,42869,Globalizing Your Classroom ,copy-core-k-5-year-1-module-2,88
35988,Core K-5 Year 1,43669,Becoming a Global Educator,copy-core-k-5-year-1-module-1-training,88
35989,ELL K-12 Year 1,42825,Differentiation: Culturally Responsive Teaching in Action ,copy-ell-k-12-year-1-module-3,155
35989,ELL K-12 Year 1,42833,"Sheltered Instruction - The What, The Why and the How ",copy-ell-k-12-year-1-module-4,155
35989,ELL K-12 Year 1,43653,Globalizing Your Classroom and Instruction ,copy-ell-k-12-year-1-module-2,155
35989,ELL K-12 Year 1,43789,Becoming a Global Educator,copy-ell-k-12-year-1-module-1-training,155
35990,Core K-5 Year 1,42741,Beyond Your Classroom ,copy-core-k-5-year-1-module-4,88
35990,Core K-5 Year 1,42785,Culture in the Classroom ,copy-core-k-5-year-1-module-3,88
35990,Core K-5 Year 1,42869,Globalizing Your Classroom ,copy-core-k-5-year-1-module-2,88
35990,Core K-5 Year 1,43669,Becoming a Global Educator,copy-core-k-5-year-1-module-1-training,88
35991,Core K-5 Year 1,42741,Beyond Your Classroom ,copy-core-k-5-year-1-module-4,88
35991,Core K-5 Year 1,42785,Culture in the Classroom ,copy-core-k-5-year-1-module-3,88
35991,Core K-5 Year 1,42869,Globalizing Your Classroom ,copy-core-k-5-year-1-module-2,88
35991,Core K-5 Year 1,43669,Becoming a Global Educator,copy-core-k-5-year-1-module-1-training,88
36071,Core K-5 Year 1,42741,Beyond Your Classroom ,copy-core-k-5-year-1-module-4,88
36071,Core K-5 Year 1,42785,Culture in the Classroom ,copy-core-k-5-year-1-module-3,88
36071,Core K-5 Year 1,42869,Globalizing Your Classroom ,copy-core-k-5-year-1-module-2,88
36071,Core K-5 Year 1,43669,Becoming a Global Educator,copy-core-k-5-year-1-module-1-training,88
36076,Core K-5 Year 1,42741,Beyond Your Classroom ,copy-core-k-5-year-1-module-4,88
36076,Core K-5 Year 1,42785,Culture in the Classroom ,copy-core-k-5-year-1-module-3,88
36076,Core K-5 Year 1,42869,Globalizing Your Classroom ,copy-core-k-5-year-1-module-2,88
36076,Core K-5 Year 1,43669,Becoming a Global Educator,copy-core-k-5-year-1-module-1-training,88
36087,Core K-5 Year 1,42741,Beyond Your Classroom ,copy-core-k-5-year-1-module-4,88
36087,Core K-5 Year 1,42785,Culture in the Classroom ,copy-core-k-5-year-1-module-3,88
36087,Core K-5 Year 1,42869,Globalizing Your Classroom ,copy-core-k-5-year-1-module-2,88
36087,Core K-5 Year 1,43669,Becoming a Global Educator,copy-core-k-5-year-1-module-1-training,88
36246,Core K-5 Year 1,42741,Beyond Your Classroom ,copy-core-k-5-year-1-module-4,88
36246,Core K-5 Year 1,42785,Culture in the Classroom ,copy-core-k-5-year-1-module-3,88
36246,Core K-5 Year 1,42869,Globalizing Your Classroom ,copy-core-k-5-year-1-module-2,88
36246,Core K-5 Year 1,43669,Becoming a Global Educator,copy-core-k-5-year-1-module-1-training,88
36524,Core K-5 Year 1,42741,Beyond Your Classroom ,copy-core-k-5-year-1-module-4,88
36524,Core K-5 Year 1,42785,Culture in the Classroom ,copy-core-k-5-year-1-module-3,88
36524,Core K-5 Year 1,42869,Globalizing Your Classroom ,copy-core-k-5-year-1-module-2,88
36524,Core K-5 Year 1,43669,Becoming a Global Educator,copy-core-k-5-year-1-module-1-training,88
36538,Core K-5 Year 1,42741,Beyond Your Classroom ,copy-core-k-5-year-1-module-4,88
36538,Core K-5 Year 1,42785,Culture in the Classroom ,copy-core-k-5-year-1-module-3,88
36538,Core K-5 Year 1,42869,Globalizing Your Classroom ,copy-core-k-5-year-1-module-2,88
36538,Core K-5 Year 1,43669,Becoming a Global Educator,copy-core-k-5-year-1-module-1-training,88
36610,Core K-5 Year 1,42741,Beyond Your Classroom ,copy-core-k-5-year-1-module-4,88
36610,Core K-5 Year 1,42785,Culture in the Classroom ,copy-core-k-5-year-1-module-3,88
36610,Core K-5 Year 1,42869,Globalizing Your Classroom ,copy-core-k-5-year-1-module-2,88
36610,Core K-5 Year 1,43669,Becoming a Global Educator,copy-core-k-5-year-1-module-1-training,88
36613,Core 6-12 Year 1,42769,Globalizing Your Classroom ,copy-core-6-12-year-1-module-2,91
36613,Core 6-12 Year 1,42797,Teaching Conceptually ,copy-core-6-12-year-1-module-3,91
36613,Core 6-12 Year 1,42801,Social Entrepreneurship ,copy-core-6-12-year-1-module-4,91
36613,Core 6-12 Year 1,43817,Becoming a Global Educator,copy-core-6-12-year-1-module-1-training,91
36647,Core K-5 Year 1,42741,Beyond Your Classroom ,copy-core-k-5-year-1-module-4,88
36647,Core K-5 Year 1,42785,Culture in the Classroom ,copy-core-k-5-year-1-module-3,88
36647,Core K-5 Year 1,42869,Globalizing Your Classroom ,copy-core-k-5-year-1-module-2,88
36647,Core K-5 Year 1,43669,Becoming a Global Educator,copy-core-k-5-year-1-module-1-training,88
36649,Core 6-12 Year 1,42769,Globalizing Your Classroom ,copy-core-6-12-year-1-module-2,91
36649,Core 6-12 Year 1,42797,Teaching Conceptually ,copy-core-6-12-year-1-module-3,91
36649,Core 6-12 Year 1,42801,Social Entrepreneurship ,copy-core-6-12-year-1-module-4,91
36649,Core 6-12 Year 1,43817,Becoming a Global Educator,copy-core-6-12-year-1-module-1-training,91
36651,Core K-5 Year 1,42741,Beyond Your Classroom ,copy-core-k-5-year-1-module-4,88
36651,Core K-5 Year 1,42785,Culture in the Classroom ,copy-core-k-5-year-1-module-3,88
36651,Core K-5 Year 1,42869,Globalizing Your Classroom ,copy-core-k-5-year-1-module-2,88
36651,Core K-5 Year 1,43669,Becoming a Global Educator,copy-core-k-5-year-1-module-1-training,88
36652,Core 6-12 Year 1,42769,Globalizing Your Classroom ,copy-core-6-12-year-1-module-2,91
36652,Core 6-12 Year 1,42797,Teaching Conceptually ,copy-core-6-12-year-1-module-3,91
36652,Core 6-12 Year 1,42801,Social Entrepreneurship ,copy-core-6-12-year-1-module-4,91
36652,Core 6-12 Year 1,43817,Becoming a Global Educator,copy-core-6-12-year-1-module-1-training,91
36654,Core 6-12 Year 1,42769,Globalizing Your Classroom ,copy-core-6-12-year-1-module-2,91
36654,Core 6-12 Year 1,42797,Teaching Conceptually ,copy-core-6-12-year-1-module-3,91
36654,Core 6-12 Year 1,42801,Social Entrepreneurship ,copy-core-6-12-year-1-module-4,91
36654,Core 6-12 Year 1,43817,Becoming a Global Educator,copy-core-6-12-year-1-module-1-training,91
36656,Core K-5 Year 1,42741,Beyond Your Classroom ,copy-core-k-5-year-1-module-4,88
36656,Core K-5 Year 1,42785,Culture in the Classroom ,copy-core-k-5-year-1-module-3,88
36656,Core K-5 Year 1,42869,Globalizing Your Classroom ,copy-core-k-5-year-1-module-2,88
36656,Core K-5 Year 1,43669,Becoming a Global Educator,copy-core-k-5-year-1-module-1-training,88
36658,Core 6-12 Year 1,42769,Globalizing Your Classroom ,copy-core-6-12-year-1-module-2,91
36658,Core 6-12 Year 1,42797,Teaching Conceptually ,copy-core-6-12-year-1-module-3,91
36658,Core 6-12 Year 1,42801,Social Entrepreneurship ,copy-core-6-12-year-1-module-4,91
36658,Core 6-12 Year 1,43817,Becoming a Global Educator,copy-core-6-12-year-1-module-1-training,91
36659,Core K-5 Year 1,42741,Beyond Your Classroom ,copy-core-k-5-year-1-module-4,88
36659,Core K-5 Year 1,42785,Culture in the Classroom ,copy-core-k-5-year-1-module-3,88
36659,Core K-5 Year 1,42869,Globalizing Your Classroom ,copy-core-k-5-year-1-module-2,88
36659,Core K-5 Year 1,43669,Becoming a Global Educator,copy-core-k-5-year-1-module-1-training,88
36660,Core 6-12 Year 1,42769,Globalizing Your Classroom ,copy-core-6-12-year-1-module-2,91
36660,Core 6-12 Year 1,42797,Teaching Conceptually ,copy-core-6-12-year-1-module-3,91
36660,Core 6-12 Year 1,42801,Social Entrepreneurship ,copy-core-6-12-year-1-module-4,91
36660,Core 6-12 Year 1,43817,Becoming a Global Educator,copy-core-6-12-year-1-module-1-training,91
36661,Core 6-12 Year 1,42769,Globalizing Your Classroom ,copy-core-6-12-year-1-module-2,91
36661,Core 6-12 Year 1,42797,Teaching Conceptually ,copy-core-6-12-year-1-module-3,91
36661,Core 6-12 Year 1,42801,Social Entrepreneurship ,copy-core-6-12-year-1-module-4,91
36661,Core 6-12 Year 1,43817,Becoming a Global Educator,copy-core-6-12-year-1-module-1-training,91
36662,Core 6-12 Year 1,42769,Globalizing Your Classroom ,copy-core-6-12-year-1-module-2,91
36662,Core 6-12 Year 1,42797,Teaching Conceptually ,copy-core-6-12-year-1-module-3,91
36662,Core 6-12 Year 1,42801,Social Entrepreneurship ,copy-core-6-12-year-1-module-4,91
36662,Core 6-12 Year 1,43817,Becoming a Global Educator,copy-core-6-12-year-1-module-1-training,91
36663,Core K-5 Year 1,42741,Beyond Your Classroom ,copy-core-k-5-year-1-module-4,88
36663,Core K-5 Year 1,42785,Culture in the Classroom ,copy-core-k-5-year-1-module-3,88
36663,Core K-5 Year 1,42869,Globalizing Your Classroom ,copy-core-k-5-year-1-module-2,88
36663,Core K-5 Year 1,43669,Becoming a Global Educator,copy-core-k-5-year-1-module-1-training,88
36665,Core 6-12 Year 1,42769,Globalizing Your Classroom ,copy-core-6-12-year-1-module-2,91
36665,Core 6-12 Year 1,42797,Teaching Conceptually ,copy-core-6-12-year-1-module-3,91
36665,Core 6-12 Year 1,42801,Social Entrepreneurship ,copy-core-6-12-year-1-module-4,91
36665,Core 6-12 Year 1,43817,Becoming a Global Educator,copy-core-6-12-year-1-module-1-training,91
36671,Core 6-12 Year 1,42769,Globalizing Your Classroom ,copy-core-6-12-year-1-module-2,91
36671,Core 6-12 Year 1,42797,Teaching Conceptually ,copy-core-6-12-year-1-module-3,91
36671,Core 6-12 Year 1,42801,Social Entrepreneurship ,copy-core-6-12-year-1-module-4,91
36671,Core 6-12 Year 1,43817,Becoming a Global Educator,copy-core-6-12-year-1-module-1-training,91
36672,Core 6-12 Year 1,42769,Globalizing Your Classroom ,copy-core-6-12-year-1-module-2,91
36672,Core 6-12 Year 1,42797,Teaching Conceptually ,copy-core-6-12-year-1-module-3,91
36672,Core 6-12 Year 1,42801,Social Entrepreneurship ,copy-core-6-12-year-1-module-4,91
36672,Core 6-12 Year 1,43817,Becoming a Global Educator,copy-core-6-12-year-1-module-1-training,91
36673,Core 6-12 Year 1,42769,Globalizing Your Classroom ,copy-core-6-12-year-1-module-2,91
36673,Core 6-12 Year 1,42797,Teaching Conceptually ,copy-core-6-12-year-1-module-3,91
36673,Core 6-12 Year 1,42801,Social Entrepreneurship ,copy-core-6-12-year-1-module-4,91
36673,Core 6-12 Year 1,43817,Becoming a Global Educator,copy-core-6-12-year-1-module-1-training,91
36674,Core K-5 Year 1,42741,Beyond Your Classroom ,copy-core-k-5-year-1-module-4,88
36674,Core K-5 Year 1,42785,Culture in the Classroom ,copy-core-k-5-year-1-module-3,88
36674,Core K-5 Year 1,42869,Globalizing Your Classroom ,copy-core-k-5-year-1-module-2,88
36674,Core K-5 Year 1,43669,Becoming a Global Educator,copy-core-k-5-year-1-module-1-training,88
36675,Core 6-12 Year 1,42769,Globalizing Your Classroom ,copy-core-6-12-year-1-module-2,91
36675,Core 6-12 Year 1,42797,Teaching Conceptually ,copy-core-6-12-year-1-module-3,91
36675,Core 6-12 Year 1,42801,Social Entrepreneurship ,copy-core-6-12-year-1-module-4,91
36675,Core 6-12 Year 1,43817,Becoming a Global Educator,copy-core-6-12-year-1-module-1-training,91
36676,Core K-5 Year 1,42741,Beyond Your Classroom ,copy-core-k-5-year-1-module-4,88
36676,Core K-5 Year 1,42785,Culture in the Classroom ,copy-core-k-5-year-1-module-3,88
36676,Core K-5 Year 1,42869,Globalizing Your Classroom ,copy-core-k-5-year-1-module-2,88
36676,Core K-5 Year 1,43669,Becoming a Global Educator,copy-core-k-5-year-1-module-1-training,88
36677,Core K-5 Year 1,42741,Beyond Your Classroom ,copy-core-k-5-year-1-module-4,88
36677,Core K-5 Year 1,42785,Culture in the Classroom ,copy-core-k-5-year-1-module-3,88
36677,Core K-5 Year 1,42869,Globalizing Your Classroom ,copy-core-k-5-year-1-module-2,88
36677,Core K-5 Year 1,43669,Becoming a Global Educator,copy-core-k-5-year-1-module-1-training,88
36679,Core 6-12 Year 1,42769,Globalizing Your Classroom ,copy-core-6-12-year-1-module-2,91
36679,Core 6-12 Year 1,42797,Teaching Conceptually ,copy-core-6-12-year-1-module-3,91
36679,Core 6-12 Year 1,42801,Social Entrepreneurship ,copy-core-6-12-year-1-module-4,91
36679,Core 6-12 Year 1,43817,Becoming a Global Educator,copy-core-6-12-year-1-module-1-training,91
36680,Core K-5 Year 1,42741,Beyond Your Classroom ,copy-core-k-5-year-1-module-4,88
36680,Core K-5 Year 1,42785,Culture in the Classroom ,copy-core-k-5-year-1-module-3,88
36680,Core K-5 Year 1,42869,Globalizing Your Classroom ,copy-core-k-5-year-1-module-2,88
36680,Core K-5 Year 1,43669,Becoming a Global Educator,copy-core-k-5-year-1-module-1-training,88
36685,Core K-5 Year 1,42741,Beyond Your Classroom ,copy-core-k-5-year-1-module-4,88
36685,Core K-5 Year 1,42785,Culture in the Classroom ,copy-core-k-5-year-1-module-3,88
36685,Core K-5 Year 1,42869,Globalizing Your Classroom ,copy-core-k-5-year-1-module-2,88
36685,Core K-5 Year 1,43669,Becoming a Global Educator,copy-core-k-5-year-1-module-1-training,88
36687,Core K-5 Year 1,42741,Beyond Your Classroom ,copy-core-k-5-year-1-module-4,88
36687,Core K-5 Year 1,42785,Culture in the Classroom ,copy-core-k-5-year-1-module-3,88
36687,Core K-5 Year 1,42869,Globalizing Your Classroom ,copy-core-k-5-year-1-module-2,88
36687,Core K-5 Year 1,43669,Becoming a Global Educator,copy-core-k-5-year-1-module-1-training,88
36688,Core K-5 Year 1,42741,Beyond Your Classroom ,copy-core-k-5-year-1-module-4,88
36688,Core K-5 Year 1,42785,Culture in the Classroom ,copy-core-k-5-year-1-module-3,88
36688,Core K-5 Year 1,42869,Globalizing Your Classroom ,copy-core-k-5-year-1-module-2,88
36688,Core K-5 Year 1,43669,Becoming a Global Educator,copy-core-k-5-year-1-module-1-training,88
36694,Core K-5 Year 1,42741,Beyond Your Classroom ,copy-core-k-5-year-1-module-4,88
36694,Core K-5 Year 1,42785,Culture in the Classroom ,copy-core-k-5-year-1-module-3,88
36694,Core K-5 Year 1,42869,Globalizing Your Classroom ,copy-core-k-5-year-1-module-2,88
36694,Core K-5 Year 1,43669,Becoming a Global Educator,copy-core-k-5-year-1-module-1-training,88
36696,Core K-5 Year 1,42741,Beyond Your Classroom ,copy-core-k-5-year-1-module-4,88
36696,Core K-5 Year 1,42785,Culture in the Classroom ,copy-core-k-5-year-1-module-3,88
36696,Core K-5 Year 1,42869,Globalizing Your Classroom ,copy-core-k-5-year-1-module-2,88
36696,Core K-5 Year 1,43669,Becoming a Global Educator,copy-core-k-5-year-1-module-1-training,88
36712,Core K-5 Year 1,42741,Beyond Your Classroom ,copy-core-k-5-year-1-module-4,88
36712,Core K-5 Year 1,42785,Culture in the Classroom ,copy-core-k-5-year-1-module-3,88
36712,Core K-5 Year 1,42869,Globalizing Your Classroom ,copy-core-k-5-year-1-module-2,88
36712,Core K-5 Year 1,43669,Becoming a Global Educator,copy-core-k-5-year-1-module-1-training,88
36717,Core K-5 Year 1,42741,Beyond Your Classroom ,copy-core-k-5-year-1-module-4,88
36717,Core K-5 Year 1,42785,Culture in the Classroom ,copy-core-k-5-year-1-module-3,88
36717,Core K-5 Year 1,42869,Globalizing Your Classroom ,copy-core-k-5-year-1-module-2,88
36717,Core K-5 Year 1,43669,Becoming a Global Educator,copy-core-k-5-year-1-module-1-training,88
36730,Core K-5 Year 1,42741,Beyond Your Classroom ,copy-core-k-5-year-1-module-4,88
36730,Core K-5 Year 1,42785,Culture in the Classroom ,copy-core-k-5-year-1-module-3,88
36730,Core K-5 Year 1,42869,Globalizing Your Classroom ,copy-core-k-5-year-1-module-2,88
36730,Core K-5 Year 1,43669,Becoming a Global Educator,copy-core-k-5-year-1-module-1-training,88
36747,Core K-5 Year 1,42741,Beyond Your Classroom ,copy-core-k-5-year-1-module-4,88
36747,Core K-5 Year 1,42785,Culture in the Classroom ,copy-core-k-5-year-1-module-3,88
36747,Core K-5 Year 1,42869,Globalizing Your Classroom ,copy-core-k-5-year-1-module-2,88
36747,Core K-5 Year 1,43669,Becoming a Global Educator,copy-core-k-5-year-1-module-1-training,88
36889,Core K-5 Year 1,42741,Beyond Your Classroom ,copy-core-k-5-year-1-module-4,88
36889,Core K-5 Year 1,42785,Culture in the Classroom ,copy-core-k-5-year-1-module-3,88
36889,Core K-5 Year 1,42869,Globalizing Your Classroom ,copy-core-k-5-year-1-module-2,88
36889,Core K-5 Year 1,43669,Becoming a Global Educator,copy-core-k-5-year-1-module-1-training,88
36924,Core K-5 Year 1,42741,Beyond Your Classroom ,copy-core-k-5-year-1-module-4,88
36924,Core K-5 Year 1,42785,Culture in the Classroom ,copy-core-k-5-year-1-module-3,88
36924,Core K-5 Year 1,42869,Globalizing Your Classroom ,copy-core-k-5-year-1-module-2,88
36924,Core K-5 Year 1,43669,Becoming a Global Educator,copy-core-k-5-year-1-module-1-training,88
36925,Core K-5 Year 1,42741,Beyond Your Classroom ,copy-core-k-5-year-1-module-4,88
36925,Core K-5 Year 1,42785,Culture in the Classroom ,copy-core-k-5-year-1-module-3,88
36925,Core K-5 Year 1,42869,Globalizing Your Classroom ,copy-core-k-5-year-1-module-2,88
36925,Core K-5 Year 1,43669,Becoming a Global Educator,copy-core-k-5-year-1-module-1-training,88
36926,Core K-5 Year 1,42741,Beyond Your Classroom ,copy-core-k-5-year-1-module-4,88
36926,Core K-5 Year 1,42785,Culture in the Classroom ,copy-core-k-5-year-1-module-3,88
36926,Core K-5 Year 1,42869,Globalizing Your Classroom ,copy-core-k-5-year-1-module-2,88
36926,Core K-5 Year 1,43669,Becoming a Global Educator,copy-core-k-5-year-1-module-1-training,88
36927,Core K-5 Year 1,42741,Beyond Your Classroom ,copy-core-k-5-year-1-module-4,88
36927,Core K-5 Year 1,42785,Culture in the Classroom ,copy-core-k-5-year-1-module-3,88
36927,Core K-5 Year 1,42869,Globalizing Your Classroom ,copy-core-k-5-year-1-module-2,88
36927,Core K-5 Year 1,43669,Becoming a Global Educator,copy-core-k-5-year-1-module-1-training,88
36928,Core K-5 Year 1,42741,Beyond Your Classroom ,copy-core-k-5-year-1-module-4,88
36928,Core K-5 Year 1,42785,Culture in the Classroom ,copy-core-k-5-year-1-module-3,88
36928,Core K-5 Year 1,42869,Globalizing Your Classroom ,copy-core-k-5-year-1-module-2,88
36928,Core K-5 Year 1,43669,Becoming a Global Educator,copy-core-k-5-year-1-module-1-training,88
36929,Core K-5 Year 1,42741,Beyond Your Classroom ,copy-core-k-5-year-1-module-4,88
36929,Core K-5 Year 1,42785,Culture in the Classroom ,copy-core-k-5-year-1-module-3,88
36929,Core K-5 Year 1,42869,Globalizing Your Classroom ,copy-core-k-5-year-1-module-2,88
36929,Core K-5 Year 1,43669,Becoming a Global Educator,copy-core-k-5-year-1-module-1-training,88
37196,Core K-5 Year 1,42741,Beyond Your Classroom ,copy-core-k-5-year-1-module-4,88
37196,Core K-5 Year 1,42785,Culture in the Classroom ,copy-core-k-5-year-1-module-3,88
37196,Core K-5 Year 1,42869,Globalizing Your Classroom ,copy-core-k-5-year-1-module-2,88
37196,Core K-5 Year 1,43669,Becoming a Global Educator,copy-core-k-5-year-1-module-1-training,88
37197,Core K-5 Year 1,42741,Beyond Your Classroom ,copy-core-k-5-year-1-module-4,88
37197,Core K-5 Year 1,42785,Culture in the Classroom ,copy-core-k-5-year-1-module-3,88
37197,Core K-5 Year 1,42869,Globalizing Your Classroom ,copy-core-k-5-year-1-module-2,88
37197,Core K-5 Year 1,43669,Becoming a Global Educator,copy-core-k-5-year-1-module-1-training,88
37898,Core K-5 Year 1,42741,Beyond Your Classroom ,copy-core-k-5-year-1-module-4,88
37898,Core K-5 Year 1,42785,Culture in the Classroom ,copy-core-k-5-year-1-module-3,88
37898,Core K-5 Year 1,42869,Globalizing Your Classroom ,copy-core-k-5-year-1-module-2,88
37898,Core K-5 Year 1,43669,Becoming a Global Educator,copy-core-k-5-year-1-module-1-training,88
38225,FLEX,43717,Becoming a Global Educator,copy-flex-module-1-training,779
38225,FLEX,43721,Globalizing Your Classroom ,copy-flex-module-2,779
38225,FLEX,43725,Globalizing Your Lessons ,copy-flex-module-4,779
38225,FLEX,43729,Culture in the Classroom ,copy-flex-module-3,779
38225,World Languages Year 1,42933,Engaging the Beginning Learner Through Global Inquiry ,copy-wl-year-1-module-2,641
38225,World Languages Year 1,43021,Comprehensible Input ,copy-wl-year-1-module-3,641
38225,World Languages Year 1,43025,Authentic Assessment in the World Language Classroom ,copy-wl-year-1-module-4,641
38225,World Languages Year 1,43797,Becoming a Global Educator,copy-wl-year-1-module-1-training,641
38228,DL 6-8 Year 1,42849,Social Entrepreneurship ,copy-dl-6-8-year-1-module-4,191
38228,DL 6-8 Year 1,42857,Globalizing Your Classroom ,copy-dl-6-8-year-1-module-2,191
38228,DL 6-8 Year 1,42865,Teaching Conceptually ,copy-dl-6-8-year-1-module-3,191
38228,DL 6-8 Year 1,43781,Becoming a Global Educator,copy-dl-6-8-year-1-module-1-training,191
38557,Core 6-12 Year 1,42769,Globalizing Your Classroom ,copy-core-6-12-year-1-module-2,91
38557,Core 6-12 Year 1,42797,Teaching Conceptually ,copy-core-6-12-year-1-module-3,91
38557,Core 6-12 Year 1,42801,Social Entrepreneurship ,copy-core-6-12-year-1-module-4,91
38557,Core 6-12 Year 1,43817,Becoming a Global Educator,copy-core-6-12-year-1-module-1-training,91
41575,Core K-5 Year 1,42741,Beyond Your Classroom ,copy-core-k-5-year-1-module-4,88
41575,Core K-5 Year 1,42785,Culture in the Classroom ,copy-core-k-5-year-1-module-3,88
41575,Core K-5 Year 1,42869,Globalizing Your Classroom ,copy-core-k-5-year-1-module-2,88
41575,Core K-5 Year 1,43669,Becoming a Global Educator,copy-core-k-5-year-1-module-1-training,88
41579,Core K-5 Year 1,42741,Beyond Your Classroom ,copy-core-k-5-year-1-module-4,88
41579,Core K-5 Year 1,42785,Culture in the Classroom ,copy-core-k-5-year-1-module-3,88
41579,Core K-5 Year 1,42869,Globalizing Your Classroom ,copy-core-k-5-year-1-module-2,88
41579,Core K-5 Year 1,43669,Becoming a Global Educator,copy-core-k-5-year-1-module-1-training,88
41583,Core K-5 Year 1,42741,Beyond Your Classroom ,copy-core-k-5-year-1-module-4,88
41583,Core K-5 Year 1,42785,Culture in the Classroom ,copy-core-k-5-year-1-module-3,88
41583,Core K-5 Year 1,42869,Globalizing Your Classroom ,copy-core-k-5-year-1-module-2,88
41583,Core K-5 Year 1,43669,Becoming a Global Educator,copy-core-k-5-year-1-module-1-training,88
41587,Core K-5 Year 1,42741,Beyond Your Classroom ,copy-core-k-5-year-1-module-4,88
41587,Core K-5 Year 1,42785,Culture in the Classroom ,copy-core-k-5-year-1-module-3,88
41587,Core K-5 Year 1,42869,Globalizing Your Classroom ,copy-core-k-5-year-1-module-2,88
41587,Core K-5 Year 1,43669,Becoming a Global Educator,copy-core-k-5-year-1-module-1-training,88
41591,Core K-5 Year 1,42741,Beyond Your Classroom ,copy-core-k-5-year-1-module-4,88
41591,Core K-5 Year 1,42785,Culture in the Classroom ,copy-core-k-5-year-1-module-3,88
41591,Core K-5 Year 1,42869,Globalizing Your Classroom ,copy-core-k-5-year-1-module-2,88
41591,Core K-5 Year 1,43669,Becoming a Global Educator,copy-core-k-5-year-1-module-1-training,88
41595,Core K-5 Year 1,42741,Beyond Your Classroom ,copy-core-k-5-year-1-module-4,88
41595,Core K-5 Year 1,42785,Culture in the Classroom ,copy-core-k-5-year-1-module-3,88
41595,Core K-5 Year 1,42869,Globalizing Your Classroom ,copy-core-k-5-year-1-module-2,88
41595,Core K-5 Year 1,43669,Becoming a Global Educator,copy-core-k-5-year-1-module-1-training,88
41611,Core K-5 Year 1,42741,Beyond Your Classroom ,copy-core-k-5-year-1-module-4,88
41611,Core K-5 Year 1,42785,Culture in the Classroom ,copy-core-k-5-year-1-module-3,88
41611,Core K-5 Year 1,42869,Globalizing Your Classroom ,copy-core-k-5-year-1-module-2,88
41611,Core K-5 Year 1,43669,Becoming a Global Educator,copy-core-k-5-year-1-module-1-training,88
41615,Core K-5 Year 1,42741,Beyond Your Classroom ,copy-core-k-5-year-1-module-4,88
41615,Core K-5 Year 1,42785,Culture in the Classroom ,copy-core-k-5-year-1-module-3,88
41615,Core K-5 Year 1,42869,Globalizing Your Classroom ,copy-core-k-5-year-1-module-2,88
41615,Core K-5 Year 1,43669,Becoming a Global Educator,copy-core-k-5-year-1-module-1-training,88
41619,Core K-5 Year 1,42741,Beyond Your Classroom ,copy-core-k-5-year-1-module-4,88
41619,Core K-5 Year 1,42785,Culture in the Classroom ,copy-core-k-5-year-1-module-3,88
41619,Core K-5 Year 1,42869,Globalizing Your Classroom ,copy-core-k-5-year-1-module-2,88
41619,Core K-5 Year 1,43669,Becoming a Global Educator,copy-core-k-5-year-1-module-1-training,88
41623,Core 6-12 Year 1,42769,Globalizing Your Classroom ,copy-core-6-12-year-1-module-2,91
41623,Core 6-12 Year 1,42797,Teaching Conceptually ,copy-core-6-12-year-1-module-3,91
41623,Core 6-12 Year 1,42801,Social Entrepreneurship ,copy-core-6-12-year-1-module-4,91
41623,Core 6-12 Year 1,43817,Becoming a Global Educator,copy-core-6-12-year-1-module-1-training,91
41627,Core 6-12 Year 1,42769,Globalizing Your Classroom ,copy-core-6-12-year-1-module-2,91
41627,Core 6-12 Year 1,42797,Teaching Conceptually ,copy-core-6-12-year-1-module-3,91
41627,Core 6-12 Year 1,42801,Social Entrepreneurship ,copy-core-6-12-year-1-module-4,91
41627,Core 6-12 Year 1,43817,Becoming a Global Educator,copy-core-6-12-year-1-module-1-training,91
41631,Core 6-12 Year 1,42769,Globalizing Your Classroom ,copy-core-6-12-year-1-module-2,91
41631,Core 6-12 Year 1,42797,Teaching Conceptually ,copy-core-6-12-year-1-module-3,91
41631,Core 6-12 Year 1,42801,Social Entrepreneurship ,copy-core-6-12-year-1-module-4,91
41631,Core 6-12 Year 1,43817,Becoming a Global Educator,copy-core-6-12-year-1-module-1-training,91
41727,DL K-5 Year 1,42777,Globalizing Your Classroom: Integrating Language and Culture ,copy-dl-k-5-year-1-module-2,188
41727,DL K-5 Year 1,42837,Differentiation: Celebrating a Diverse Classroom Environment ,copy-dl-k-5-year-1-module-3,188
41727,DL K-5 Year 1,42845,Comprehensible Input: Meaningful Language ,copy-dl-k-5-year-1-module-4,188
41727,DL K-5 Year 1,43773,Becoming a Global Educator,copy-dl-k-5-year-1-module-1-training,188
42475,Core K-5 Year 1,42741,Beyond Your Classroom ,copy-core-k-5-year-1-module-4,88
42475,Core K-5 Year 1,42785,Culture in the Classroom ,copy-core-k-5-year-1-module-3,88
42475,Core K-5 Year 1,42869,Globalizing Your Classroom ,copy-core-k-5-year-1-module-2,88
42475,Core K-5 Year 1,43669,Becoming a Global Educator,copy-core-k-5-year-1-module-1-training,88
42739,Core K-5 Year 1,42741,Beyond Your Classroom ,copy-core-k-5-year-1-module-4,88
42739,Core K-5 Year 1,42785,Culture in the Classroom ,copy-core-k-5-year-1-module-3,88
42739,Core K-5 Year 1,42869,Globalizing Your Classroom ,copy-core-k-5-year-1-module-2,88
42739,Core K-5 Year 1,43669,Becoming a Global Educator,copy-core-k-5-year-1-module-1-training,88
42743,Core K-5 Year 1,42741,Beyond Your Classroom ,copy-core-k-5-year-1-module-4,88
42743,Core K-5 Year 1,42785,Culture in the Classroom ,copy-core-k-5-year-1-module-3,88
42743,Core K-5 Year 1,42869,Globalizing Your Classroom ,copy-core-k-5-year-1-module-2,88
42743,Core K-5 Year 1,43669,Becoming a Global Educator,copy-core-k-5-year-1-module-1-training,88
42747,Core K-5 Year 1,42741,Beyond Your Classroom ,copy-core-k-5-year-1-module-4,88
42747,Core K-5 Year 1,42785,Culture in the Classroom ,copy-core-k-5-year-1-module-3,88
42747,Core K-5 Year 1,42869,Globalizing Your Classroom ,copy-core-k-5-year-1-module-2,88
42747,Core K-5 Year 1,43669,Becoming a Global Educator,copy-core-k-5-year-1-module-1-training,88
42751,Core K-5 Year 1,42741,Beyond Your Classroom ,copy-core-k-5-year-1-module-4,88
42751,Core K-5 Year 1,42785,Culture in the Classroom ,copy-core-k-5-year-1-module-3,88
42751,Core K-5 Year 1,42869,Globalizing Your Classroom ,copy-core-k-5-year-1-module-2,88
42751,Core K-5 Year 1,43669,Becoming a Global Educator,copy-core-k-5-year-1-module-1-training,88
42755,Core K-5 Year 1,42741,Beyond Your Classroom ,copy-core-k-5-year-1-module-4,88
42755,Core K-5 Year 1,42785,Culture in the Classroom ,copy-core-k-5-year-1-module-3,88
42755,Core K-5 Year 1,42869,Globalizing Your Classroom ,copy-core-k-5-year-1-module-2,88
42755,Core K-5 Year 1,43669,Becoming a Global Educator,copy-core-k-5-year-1-module-1-training,88
42759,Core K-5 Year 1,42741,Beyond Your Classroom ,copy-core-k-5-year-1-module-4,88
42759,Core K-5 Year 1,42785,Culture in the Classroom ,copy-core-k-5-year-1-module-3,88
42759,Core K-5 Year 1,42869,Globalizing Your Classroom ,copy-core-k-5-year-1-module-2,88
42759,Core K-5 Year 1,43669,Becoming a Global Educator,copy-core-k-5-year-1-module-1-training,88
42763,Core K-5 Year 1,42741,Beyond Your Classroom ,copy-core-k-5-year-1-module-4,88
42763,Core K-5 Year 1,42785,Culture in the Classroom ,copy-core-k-5-year-1-module-3,88
42763,Core K-5 Year 1,42869,Globalizing Your Classroom ,copy-core-k-5-year-1-module-2,88
42763,Core K-5 Year 1,43669,Becoming a Global Educator,copy-core-k-5-year-1-module-1-training,88
42767,Core K-5 Year 1,42741,Beyond Your Classroom ,copy-core-k-5-year-1-module-4,88
42767,Core K-5 Year 1,42785,Culture in the Classroom ,copy-core-k-5-year-1-module-3,88
42767,Core K-5 Year 1,42869,Globalizing Your Classroom ,copy-core-k-5-year-1-module-2,88
42767,Core K-5 Year 1,43669,Becoming a Global Educator,copy-core-k-5-year-1-module-1-training,88
42771,Core K-5 Year 1,42741,Beyond Your Classroom ,copy-core-k-5-year-1-module-4,88
42771,Core K-5 Year 1,42785,Culture in the Classroom ,copy-core-k-5-year-1-module-3,88
42771,Core K-5 Year 1,42869,Globalizing Your Classroom ,copy-core-k-5-year-1-module-2,88
42771,Core K-5 Year 1,43669,Becoming a Global Educator,copy-core-k-5-year-1-module-1-training,88
42775,Core K-5 Year 1,42741,Beyond Your Classroom ,copy-core-k-5-year-1-module-4,88
42775,Core K-5 Year 1,42785,Culture in the Classroom ,copy-core-k-5-year-1-module-3,88
42775,Core K-5 Year 1,42869,Globalizing Your Classroom ,copy-core-k-5-year-1-module-2,88
42775,Core K-5 Year 1,43669,Becoming a Global Educator,copy-core-k-5-year-1-module-1-training,88
42779,Core K-5 Year 1,42741,Beyond Your Classroom ,copy-core-k-5-year-1-module-4,88
42779,Core K-5 Year 1,42785,Culture in the Classroom ,copy-core-k-5-year-1-module-3,88
42779,Core K-5 Year 1,42869,Globalizing Your Classroom ,copy-core-k-5-year-1-module-2,88
42779,Core K-5 Year 1,43669,Becoming a Global Educator,copy-core-k-5-year-1-module-1-training,88
42783,Core K-5 Year 1,42741,Beyond Your Classroom ,copy-core-k-5-year-1-module-4,88
42783,Core K-5 Year 1,42785,Culture in the Classroom ,copy-core-k-5-year-1-module-3,88
42783,Core K-5 Year 1,42869,Globalizing Your Classroom ,copy-core-k-5-year-1-module-2,88
42783,Core K-5 Year 1,43669,Becoming a Global Educator,copy-core-k-5-year-1-module-1-training,88
42787,Core K-5 Year 1,42741,Beyond Your Classroom ,copy-core-k-5-year-1-module-4,88
42787,Core K-5 Year 1,42785,Culture in the Classroom ,copy-core-k-5-year-1-module-3,88
42787,Core K-5 Year 1,42869,Globalizing Your Classroom ,copy-core-k-5-year-1-module-2,88
42787,Core K-5 Year 1,43669,Becoming a Global Educator,copy-core-k-5-year-1-module-1-training,88
42791,Core K-5 Year 1,42741,Beyond Your Classroom ,copy-core-k-5-year-1-module-4,88
42791,Core K-5 Year 1,42785,Culture in the Classroom ,copy-core-k-5-year-1-module-3,88
42791,Core K-5 Year 1,42869,Globalizing Your Classroom ,copy-core-k-5-year-1-module-2,88
42791,Core K-5 Year 1,43669,Becoming a Global Educator,copy-core-k-5-year-1-module-1-training,88
42795,Core K-5 Year 1,42741,Beyond Your Classroom ,copy-core-k-5-year-1-module-4,88
42795,Core K-5 Year 1,42785,Culture in the Classroom ,copy-core-k-5-year-1-module-3,88
42795,Core K-5 Year 1,42869,Globalizing Your Classroom ,copy-core-k-5-year-1-module-2,88
42795,Core K-5 Year 1,43669,Becoming a Global Educator,copy-core-k-5-year-1-module-1-training,88
42799,Core K-5 Year 1,42741,Beyond Your Classroom ,copy-core-k-5-year-1-module-4,88
42799,Core K-5 Year 1,42785,Culture in the Classroom ,copy-core-k-5-year-1-module-3,88
42799,Core K-5 Year 1,42869,Globalizing Your Classroom ,copy-core-k-5-year-1-module-2,88
42799,Core K-5 Year 1,43669,Becoming a Global Educator,copy-core-k-5-year-1-module-1-training,88
42803,Core K-5 Year 1,42741,Beyond Your Classroom ,copy-core-k-5-year-1-module-4,88
42803,Core K-5 Year 1,42785,Culture in the Classroom ,copy-core-k-5-year-1-module-3,88
42803,Core K-5 Year 1,42869,Globalizing Your Classroom ,copy-core-k-5-year-1-module-2,88
42803,Core K-5 Year 1,43669,Becoming a Global Educator,copy-core-k-5-year-1-module-1-training,88
42807,Core K-5 Year 1,42741,Beyond Your Classroom ,copy-core-k-5-year-1-module-4,88
42807,Core K-5 Year 1,42785,Culture in the Classroom ,copy-core-k-5-year-1-module-3,88
42807,Core K-5 Year 1,42869,Globalizing Your Classroom ,copy-core-k-5-year-1-module-2,88
42807,Core K-5 Year 1,43669,Becoming a Global Educator,copy-core-k-5-year-1-module-1-training,88
42811,Core K-5 Year 1,42741,Beyond Your Classroom ,copy-core-k-5-year-1-module-4,88
42811,Core K-5 Year 1,42785,Culture in the Classroom ,copy-core-k-5-year-1-module-3,88
42811,Core K-5 Year 1,42869,Globalizing Your Classroom ,copy-core-k-5-year-1-module-2,88
42811,Core K-5 Year 1,43669,Becoming a Global Educator,copy-core-k-5-year-1-module-1-training,88
42815,Core K-5 Year 1,42741,Beyond Your Classroom ,copy-core-k-5-year-1-module-4,88
42815,Core K-5 Year 1,42785,Culture in the Classroom ,copy-core-k-5-year-1-module-3,88
42815,Core K-5 Year 1,42869,Globalizing Your Classroom ,copy-core-k-5-year-1-module-2,88
42815,Core K-5 Year 1,43669,Becoming a Global Educator,copy-core-k-5-year-1-module-1-training,88
42819,Core K-5 Year 1,42741,Beyond Your Classroom ,copy-core-k-5-year-1-module-4,88
42819,Core K-5 Year 1,42785,Culture in the Classroom ,copy-core-k-5-year-1-module-3,88
42819,Core K-5 Year 1,42869,Globalizing Your Classroom ,copy-core-k-5-year-1-module-2,88
42819,Core K-5 Year 1,43669,Becoming a Global Educator,copy-core-k-5-year-1-module-1-training,88
42823,Core K-5 Year 1,42741,Beyond Your Classroom ,copy-core-k-5-year-1-module-4,88
42823,Core K-5 Year 1,42785,Culture in the Classroom ,copy-core-k-5-year-1-module-3,88
42823,Core K-5 Year 1,42869,Globalizing Your Classroom ,copy-core-k-5-year-1-module-2,88
42823,Core K-5 Year 1,43669,Becoming a Global Educator,copy-core-k-5-year-1-module-1-training,88
42827,Core K-5 Year 1,42741,Beyond Your Classroom ,copy-core-k-5-year-1-module-4,88
42827,Core K-5 Year 1,42785,Culture in the Classroom ,copy-core-k-5-year-1-module-3,88
42827,Core K-5 Year 1,42869,Globalizing Your Classroom ,copy-core-k-5-year-1-module-2,88
42827,Core K-5 Year 1,43669,Becoming a Global Educator,copy-core-k-5-year-1-module-1-training,88
42831,Core K-5 Year 1,42741,Beyond Your Classroom ,copy-core-k-5-year-1-module-4,88
42831,Core K-5 Year 1,42785,Culture in the Classroom ,copy-core-k-5-year-1-module-3,88
42831,Core K-5 Year 1,42869,Globalizing Your Classroom ,copy-core-k-5-year-1-module-2,88
42831,Core K-5 Year 1,43669,Becoming a Global Educator,copy-core-k-5-year-1-module-1-training,88
42835,Core K-5 Year 1,42741,Beyond Your Classroom ,copy-core-k-5-year-1-module-4,88
42835,Core K-5 Year 1,42785,Culture in the Classroom ,copy-core-k-5-year-1-module-3,88
42835,Core K-5 Year 1,42869,Globalizing Your Classroom ,copy-core-k-5-year-1-module-2,88
42835,Core K-5 Year 1,43669,Becoming a Global Educator,copy-core-k-5-year-1-module-1-training,88
42839,Core K-5 Year 1,42741,Beyond Your Classroom ,copy-core-k-5-year-1-module-4,88
42839,Core K-5 Year 1,42785,Culture in the Classroom ,copy-core-k-5-year-1-module-3,88
42839,Core K-5 Year 1,42869,Globalizing Your Classroom ,copy-core-k-5-year-1-module-2,88
42839,Core K-5 Year 1,43669,Becoming a Global Educator,copy-core-k-5-year-1-module-1-training,88
42843,Core K-5 Year 1,42741,Beyond Your Classroom ,copy-core-k-5-year-1-module-4,88
42843,Core K-5 Year 1,42785,Culture in the Classroom ,copy-core-k-5-year-1-module-3,88
42843,Core K-5 Year 1,42869,Globalizing Your Classroom ,copy-core-k-5-year-1-module-2,88
42843,Core K-5 Year 1,43669,Becoming a Global Educator,copy-core-k-5-year-1-module-1-training,88
42847,Core K-5 Year 1,42741,Beyond Your Classroom ,copy-core-k-5-year-1-module-4,88
42847,Core K-5 Year 1,42785,Culture in the Classroom ,copy-core-k-5-year-1-module-3,88
42847,Core K-5 Year 1,42869,Globalizing Your Classroom ,copy-core-k-5-year-1-module-2,88
42847,Core K-5 Year 1,43669,Becoming a Global Educator,copy-core-k-5-year-1-module-1-training,88
42851,Core K-5 Year 1,42741,Beyond Your Classroom ,copy-core-k-5-year-1-module-4,88
42851,Core K-5 Year 1,42785,Culture in the Classroom ,copy-core-k-5-year-1-module-3,88
42851,Core K-5 Year 1,42869,Globalizing Your Classroom ,copy-core-k-5-year-1-module-2,88
42851,Core K-5 Year 1,43669,Becoming a Global Educator,copy-core-k-5-year-1-module-1-training,88
42855,Core K-5 Year 1,42741,Beyond Your Classroom ,copy-core-k-5-year-1-module-4,88
42855,Core K-5 Year 1,42785,Culture in the Classroom ,copy-core-k-5-year-1-module-3,88
42855,Core K-5 Year 1,42869,Globalizing Your Classroom ,copy-core-k-5-year-1-module-2,88
42855,Core K-5 Year 1,43669,Becoming a Global Educator,copy-core-k-5-year-1-module-1-training,88
42859,Core K-5 Year 1,42741,Beyond Your Classroom ,copy-core-k-5-year-1-module-4,88
42859,Core K-5 Year 1,42785,Culture in the Classroom ,copy-core-k-5-year-1-module-3,88
42859,Core K-5 Year 1,42869,Globalizing Your Classroom ,copy-core-k-5-year-1-module-2,88
42859,Core K-5 Year 1,43669,Becoming a Global Educator,copy-core-k-5-year-1-module-1-training,88
42863,Core K-5 Year 1,42741,Beyond Your Classroom ,copy-core-k-5-year-1-module-4,88
42863,Core K-5 Year 1,42785,Culture in the Classroom ,copy-core-k-5-year-1-module-3,88
42863,Core K-5 Year 1,42869,Globalizing Your Classroom ,copy-core-k-5-year-1-module-2,88
42863,Core K-5 Year 1,43669,Becoming a Global Educator,copy-core-k-5-year-1-module-1-training,88
43469,Core K-5 Year 1,42741,Beyond Your Classroom ,copy-core-k-5-year-1-module-4,88
43469,Core K-5 Year 1,42785,Culture in the Classroom ,copy-core-k-5-year-1-module-3,88
43469,Core K-5 Year 1,42869,Globalizing Your Classroom ,copy-core-k-5-year-1-module-2,88
43469,Core K-5 Year 1,43669,Becoming a Global Educator,copy-core-k-5-year-1-module-1-training,88
43473,Core K-5 Year 1,42741,Beyond Your Classroom ,copy-core-k-5-year-1-module-4,88
43473,Core K-5 Year 1,42785,Culture in the Classroom ,copy-core-k-5-year-1-module-3,88
43473,Core K-5 Year 1,42869,Globalizing Your Classroom ,copy-core-k-5-year-1-module-2,88
43473,Core K-5 Year 1,43669,Becoming a Global Educator,copy-core-k-5-year-1-module-1-training,88
43477,Core K-5 Year 1,42741,Beyond Your Classroom ,copy-core-k-5-year-1-module-4,88
43477,Core K-5 Year 1,42785,Culture in the Classroom ,copy-core-k-5-year-1-module-3,88
43477,Core K-5 Year 1,42869,Globalizing Your Classroom ,copy-core-k-5-year-1-module-2,88
43477,Core K-5 Year 1,43669,Becoming a Global Educator,copy-core-k-5-year-1-module-1-training,88
43481,Core K-5 Year 1,42741,Beyond Your Classroom ,copy-core-k-5-year-1-module-4,88
43481,Core K-5 Year 1,42785,Culture in the Classroom ,copy-core-k-5-year-1-module-3,88
43481,Core K-5 Year 1,42869,Globalizing Your Classroom ,copy-core-k-5-year-1-module-2,88
43481,Core K-5 Year 1,43669,Becoming a Global Educator,copy-core-k-5-year-1-module-1-training,88
43485,Core K-5 Year 1,42741,Beyond Your Classroom ,copy-core-k-5-year-1-module-4,88
43485,Core K-5 Year 1,42785,Culture in the Classroom ,copy-core-k-5-year-1-module-3,88
43485,Core K-5 Year 1,42869,Globalizing Your Classroom ,copy-core-k-5-year-1-module-2,88
43485,Core K-5 Year 1,43669,Becoming a Global Educator,copy-core-k-5-year-1-module-1-training,88
43489,Core K-5 Year 1,42741,Beyond Your Classroom ,copy-core-k-5-year-1-module-4,88
43489,Core K-5 Year 1,42785,Culture in the Classroom ,copy-core-k-5-year-1-module-3,88
43489,Core K-5 Year 1,42869,Globalizing Your Classroom ,copy-core-k-5-year-1-module-2,88
43489,Core K-5 Year 1,43669,Becoming a Global Educator,copy-core-k-5-year-1-module-1-training,88
43493,Core K-5 Year 1,42741,Beyond Your Classroom ,copy-core-k-5-year-1-module-4,88
43493,Core K-5 Year 1,42785,Culture in the Classroom ,copy-core-k-5-year-1-module-3,88
43493,Core K-5 Year 1,42869,Globalizing Your Classroom ,copy-core-k-5-year-1-module-2,88
43493,Core K-5 Year 1,43669,Becoming a Global Educator,copy-core-k-5-year-1-module-1-training,88
43497,Core K-5 Year 1,42741,Beyond Your Classroom ,copy-core-k-5-year-1-module-4,88
43497,Core K-5 Year 1,42785,Culture in the Classroom ,copy-core-k-5-year-1-module-3,88
43497,Core K-5 Year 1,42869,Globalizing Your Classroom ,copy-core-k-5-year-1-module-2,88
43497,Core K-5 Year 1,43669,Becoming a Global Educator,copy-core-k-5-year-1-module-1-training,88
43501,Core K-5 Year 1,42741,Beyond Your Classroom ,copy-core-k-5-year-1-module-4,88
43501,Core K-5 Year 1,42785,Culture in the Classroom ,copy-core-k-5-year-1-module-3,88
43501,Core K-5 Year 1,42869,Globalizing Your Classroom ,copy-core-k-5-year-1-module-2,88
43501,Core K-5 Year 1,43669,Becoming a Global Educator,copy-core-k-5-year-1-module-1-training,88
43505,Core K-5 Year 1,42741,Beyond Your Classroom ,copy-core-k-5-year-1-module-4,88
43505,Core K-5 Year 1,42785,Culture in the Classroom ,copy-core-k-5-year-1-module-3,88
43505,Core K-5 Year 1,42869,Globalizing Your Classroom ,copy-core-k-5-year-1-module-2,88
43505,Core K-5 Year 1,43669,Becoming a Global Educator,copy-core-k-5-year-1-module-1-training,88
43509,Core K-5 Year 1,42741,Beyond Your Classroom ,copy-core-k-5-year-1-module-4,88
43509,Core K-5 Year 1,42785,Culture in the Classroom ,copy-core-k-5-year-1-module-3,88
43509,Core K-5 Year 1,42869,Globalizing Your Classroom ,copy-core-k-5-year-1-module-2,88
43509,Core K-5 Year 1,43669,Becoming a Global Educator,copy-core-k-5-year-1-module-1-training,88
43513,Core K-5 Year 1,42741,Beyond Your Classroom ,copy-core-k-5-year-1-module-4,88
43513,Core K-5 Year 1,42785,Culture in the Classroom ,copy-core-k-5-year-1-module-3,88
43513,Core K-5 Year 1,42869,Globalizing Your Classroom ,copy-core-k-5-year-1-module-2,88
43513,Core K-5 Year 1,43669,Becoming a Global Educator,copy-core-k-5-year-1-module-1-training,88
43517,Core K-5 Year 1,42741,Beyond Your Classroom ,copy-core-k-5-year-1-module-4,88
43517,Core K-5 Year 1,42785,Culture in the Classroom ,copy-core-k-5-year-1-module-3,88
43517,Core K-5 Year 1,42869,Globalizing Your Classroom ,copy-core-k-5-year-1-module-2,88
43517,Core K-5 Year 1,43669,Becoming a Global Educator,copy-core-k-5-year-1-module-1-training,88
43521,Core K-5 Year 1,42741,Beyond Your Classroom ,copy-core-k-5-year-1-module-4,88
43521,Core K-5 Year 1,42785,Culture in the Classroom ,copy-core-k-5-year-1-module-3,88
43521,Core K-5 Year 1,42869,Globalizing Your Classroom ,copy-core-k-5-year-1-module-2,88
43521,Core K-5 Year 1,43669,Becoming a Global Educator,copy-core-k-5-year-1-module-1-training,88
43525,Core K-5 Year 1,42741,Beyond Your Classroom ,copy-core-k-5-year-1-module-4,88
43525,Core K-5 Year 1,42785,Culture in the Classroom ,copy-core-k-5-year-1-module-3,88
43525,Core K-5 Year 1,42869,Globalizing Your Classroom ,copy-core-k-5-year-1-module-2,88
43525,Core K-5 Year 1,43669,Becoming a Global Educator,copy-core-k-5-year-1-module-1-training,88
43529,Core K-5 Year 1,42741,Beyond Your Classroom ,copy-core-k-5-year-1-module-4,88
43529,Core K-5 Year 1,42785,Culture in the Classroom ,copy-core-k-5-year-1-module-3,88
43529,Core K-5 Year 1,42869,Globalizing Your Classroom ,copy-core-k-5-year-1-module-2,88
43529,Core K-5 Year 1,43669,Becoming a Global Educator,copy-core-k-5-year-1-module-1-training,88
43533,Core K-5 Year 1,42741,Beyond Your Classroom ,copy-core-k-5-year-1-module-4,88
43533,Core K-5 Year 1,42785,Culture in the Classroom ,copy-core-k-5-year-1-module-3,88
43533,Core K-5 Year 1,42869,Globalizing Your Classroom ,copy-core-k-5-year-1-module-2,88
43533,Core K-5 Year 1,43669,Becoming a Global Educator,copy-core-k-5-year-1-module-1-training,88
43537,Core K-5 Year 1,42741,Beyond Your Classroom ,copy-core-k-5-year-1-module-4,88
43537,Core K-5 Year 1,42785,Culture in the Classroom ,copy-core-k-5-year-1-module-3,88
43537,Core K-5 Year 1,42869,Globalizing Your Classroom ,copy-core-k-5-year-1-module-2,88
43537,Core K-5 Year 1,43669,Becoming a Global Educator,copy-core-k-5-year-1-module-1-training,88
43541,Core K-5 Year 1,42741,Beyond Your Classroom ,copy-core-k-5-year-1-module-4,88
43541,Core K-5 Year 1,42785,Culture in the Classroom ,copy-core-k-5-year-1-module-3,88
43541,Core K-5 Year 1,42869,Globalizing Your Classroom ,copy-core-k-5-year-1-module-2,88
43541,Core K-5 Year 1,43669,Becoming a Global Educator,copy-core-k-5-year-1-module-1-training,88
43545,Core K-5 Year 1,42741,Beyond Your Classroom ,copy-core-k-5-year-1-module-4,88
43545,Core K-5 Year 1,42785,Culture in the Classroom ,copy-core-k-5-year-1-module-3,88
43545,Core K-5 Year 1,42869,Globalizing Your Classroom ,copy-core-k-5-year-1-module-2,88
43545,Core K-5 Year 1,43669,Becoming a Global Educator,copy-core-k-5-year-1-module-1-training,88
43549,Core K-5 Year 1,42741,Beyond Your Classroom ,copy-core-k-5-year-1-module-4,88
43549,Core K-5 Year 1,42785,Culture in the Classroom ,copy-core-k-5-year-1-module-3,88
43549,Core K-5 Year 1,42869,Globalizing Your Classroom ,copy-core-k-5-year-1-module-2,88
43549,Core K-5 Year 1,43669,Becoming a Global Educator,copy-core-k-5-year-1-module-1-training,88
43553,Core K-5 Year 1,42741,Beyond Your Classroom ,copy-core-k-5-year-1-module-4,88
43553,Core K-5 Year 1,42785,Culture in the Classroom ,copy-core-k-5-year-1-module-3,88
43553,Core K-5 Year 1,42869,Globalizing Your Classroom ,copy-core-k-5-year-1-module-2,88
43553,Core K-5 Year 1,43669,Becoming a Global Educator,copy-core-k-5-year-1-module-1-training,88
43557,Core K-5 Year 1,42741,Beyond Your Classroom ,copy-core-k-5-year-1-module-4,88
43557,Core K-5 Year 1,42785,Culture in the Classroom ,copy-core-k-5-year-1-module-3,88
43557,Core K-5 Year 1,42869,Globalizing Your Classroom ,copy-core-k-5-year-1-module-2,88
43557,Core K-5 Year 1,43669,Becoming a Global Educator,copy-core-k-5-year-1-module-1-training,88
43561,Core K-5 Year 1,42741,Beyond Your Classroom ,copy-core-k-5-year-1-module-4,88
43561,Core K-5 Year 1,42785,Culture in the Classroom ,copy-core-k-5-year-1-module-3,88
43561,Core K-5 Year 1,42869,Globalizing Your Classroom ,copy-core-k-5-year-1-module-2,88
43561,Core K-5 Year 1,43669,Becoming a Global Educator,copy-core-k-5-year-1-module-1-training,88
43565,Core K-5 Year 1,42741,Beyond Your Classroom ,copy-core-k-5-year-1-module-4,88
43565,Core K-5 Year 1,42785,Culture in the Classroom ,copy-core-k-5-year-1-module-3,88
43565,Core K-5 Year 1,42869,Globalizing Your Classroom ,copy-core-k-5-year-1-module-2,88
43565,Core K-5 Year 1,43669,Becoming a Global Educator,copy-core-k-5-year-1-module-1-training,88
43569,Core K-5 Year 1,42741,Beyond Your Classroom ,copy-core-k-5-year-1-module-4,88
43569,Core K-5 Year 1,42785,Culture in the Classroom ,copy-core-k-5-year-1-module-3,88
43569,Core K-5 Year 1,42869,Globalizing Your Classroom ,copy-core-k-5-year-1-module-2,88
43569,Core K-5 Year 1,43669,Becoming a Global Educator,copy-core-k-5-year-1-module-1-training,88
43573,Core K-5 Year 1,42741,Beyond Your Classroom ,copy-core-k-5-year-1-module-4,88
43573,Core K-5 Year 1,42785,Culture in the Classroom ,copy-core-k-5-year-1-module-3,88
43573,Core K-5 Year 1,42869,Globalizing Your Classroom ,copy-core-k-5-year-1-module-2,88
43573,Core K-5 Year 1,43669,Becoming a Global Educator,copy-core-k-5-year-1-module-1-training,88
43577,Core K-5 Year 1,42741,Beyond Your Classroom ,copy-core-k-5-year-1-module-4,88
43577,Core K-5 Year 1,42785,Culture in the Classroom ,copy-core-k-5-year-1-module-3,88
43577,Core K-5 Year 1,42869,Globalizing Your Classroom ,copy-core-k-5-year-1-module-2,88
43577,Core K-5 Year 1,43669,Becoming a Global Educator,copy-core-k-5-year-1-module-1-training,88
43581,Core K-5 Year 1,42741,Beyond Your Classroom ,copy-core-k-5-year-1-module-4,88
43581,Core K-5 Year 1,42785,Culture in the Classroom ,copy-core-k-5-year-1-module-3,88
43581,Core K-5 Year 1,42869,Globalizing Your Classroom ,copy-core-k-5-year-1-module-2,88
43581,Core K-5 Year 1,43669,Becoming a Global Educator,copy-core-k-5-year-1-module-1-training,88
43585,Core K-5 Year 1,42741,Beyond Your Classroom ,copy-core-k-5-year-1-module-4,88
43585,Core K-5 Year 1,42785,Culture in the Classroom ,copy-core-k-5-year-1-module-3,88
43585,Core K-5 Year 1,42869,Globalizing Your Classroom ,copy-core-k-5-year-1-module-2,88
43585,Core K-5 Year 1,43669,Becoming a Global Educator,copy-core-k-5-year-1-module-1-training,88
43589,Core K-5 Year 1,42741,Beyond Your Classroom ,copy-core-k-5-year-1-module-4,88
43589,Core K-5 Year 1,42785,Culture in the Classroom ,copy-core-k-5-year-1-module-3,88
43589,Core K-5 Year 1,42869,Globalizing Your Classroom ,copy-core-k-5-year-1-module-2,88
43589,Core K-5 Year 1,43669,Becoming a Global Educator,copy-core-k-5-year-1-module-1-training,88
43593,Core K-5 Year 1,42741,Beyond Your Classroom ,copy-core-k-5-year-1-module-4,88
43593,Core K-5 Year 1,42785,Culture in the Classroom ,copy-core-k-5-year-1-module-3,88
43593,Core K-5 Year 1,42869,Globalizing Your Classroom ,copy-core-k-5-year-1-module-2,88
43593,Core K-5 Year 1,43669,Becoming a Global Educator,copy-core-k-5-year-1-module-1-training,88
43597,Core K-5 Year 1,42741,Beyond Your Classroom ,copy-core-k-5-year-1-module-4,88
43597,Core K-5 Year 1,42785,Culture in the Classroom ,copy-core-k-5-year-1-module-3,88
43597,Core K-5 Year 1,42869,Globalizing Your Classroom ,copy-core-k-5-year-1-module-2,88
43597,Core K-5 Year 1,43669,Becoming a Global Educator,copy-core-k-5-year-1-module-1-training,88
43601,Core K-5 Year 1,42741,Beyond Your Classroom ,copy-core-k-5-year-1-module-4,88
43601,Core K-5 Year 1,42785,Culture in the Classroom ,copy-core-k-5-year-1-module-3,88
43601,Core K-5 Year 1,42869,Globalizing Your Classroom ,copy-core-k-5-year-1-module-2,88
43601,Core K-5 Year 1,43669,Becoming a Global Educator,copy-core-k-5-year-1-module-1-training,88
43605,Core K-5 Year 1,42741,Beyond Your Classroom ,copy-core-k-5-year-1-module-4,88
43605,Core K-5 Year 1,42785,Culture in the Classroom ,copy-core-k-5-year-1-module-3,88
43605,Core K-5 Year 1,42869,Globalizing Your Classroom ,copy-core-k-5-year-1-module-2,88
43605,Core K-5 Year 1,43669,Becoming a Global Educator,copy-core-k-5-year-1-module-1-training,88
43609,Core K-5 Year 1,42741,Beyond Your Classroom ,copy-core-k-5-year-1-module-4,88
43609,Core K-5 Year 1,42785,Culture in the Classroom ,copy-core-k-5-year-1-module-3,88
43609,Core K-5 Year 1,42869,Globalizing Your Classroom ,copy-core-k-5-year-1-module-2,88
43609,Core K-5 Year 1,43669,Becoming a Global Educator,copy-core-k-5-year-1-module-1-training,88
43613,Core K-5 Year 1,42741,Beyond Your Classroom ,copy-core-k-5-year-1-module-4,88
43613,Core K-5 Year 1,42785,Culture in the Classroom ,copy-core-k-5-year-1-module-3,88
43613,Core K-5 Year 1,42869,Globalizing Your Classroom ,copy-core-k-5-year-1-module-2,88
43613,Core K-5 Year 1,43669,Becoming a Global Educator,copy-core-k-5-year-1-module-1-training,88
43617,Core K-5 Year 1,42741,Beyond Your Classroom ,copy-core-k-5-year-1-module-4,88
43617,Core K-5 Year 1,42785,Culture in the Classroom ,copy-core-k-5-year-1-module-3,88
43617,Core K-5 Year 1,42869,Globalizing Your Classroom ,copy-core-k-5-year-1-module-2,88
43617,Core K-5 Year 1,43669,Becoming a Global Educator,copy-core-k-5-year-1-module-1-training,88
43621,Core K-5 Year 1,42741,Beyond Your Classroom ,copy-core-k-5-year-1-module-4,88
43621,Core K-5 Year 1,42785,Culture in the Classroom ,copy-core-k-5-year-1-module-3,88
43621,Core K-5 Year 1,42869,Globalizing Your Classroom ,copy-core-k-5-year-1-module-2,88
43621,Core K-5 Year 1,43669,Becoming a Global Educator,copy-core-k-5-year-1-module-1-training,88
43625,Core K-5 Year 1,42741,Beyond Your Classroom ,copy-core-k-5-year-1-module-4,88
43625,Core K-5 Year 1,42785,Culture in the Classroom ,copy-core-k-5-year-1-module-3,88
43625,Core K-5 Year 1,42869,Globalizing Your Classroom ,copy-core-k-5-year-1-module-2,88
43625,Core K-5 Year 1,43669,Becoming a Global Educator,copy-core-k-5-year-1-module-1-training,88
43629,Core K-5 Year 1,42741,Beyond Your Classroom ,copy-core-k-5-year-1-module-4,88
43629,Core K-5 Year 1,42785,Culture in the Classroom ,copy-core-k-5-year-1-module-3,88
43629,Core K-5 Year 1,42869,Globalizing Your Classroom ,copy-core-k-5-year-1-module-2,88
43629,Core K-5 Year 1,43669,Becoming a Global Educator,copy-core-k-5-year-1-module-1-training,88
43633,Core K-5 Year 1,42741,Beyond Your Classroom ,copy-core-k-5-year-1-module-4,88
43633,Core K-5 Year 1,42785,Culture in the Classroom ,copy-core-k-5-year-1-module-3,88
43633,Core K-5 Year 1,42869,Globalizing Your Classroom ,copy-core-k-5-year-1-module-2,88
43633,Core K-5 Year 1,43669,Becoming a Global Educator,copy-core-k-5-year-1-module-1-training,88
43637,Core K-5 Year 1,42741,Beyond Your Classroom ,copy-core-k-5-year-1-module-4,88
43637,Core K-5 Year 1,42785,Culture in the Classroom ,copy-core-k-5-year-1-module-3,88
43637,Core K-5 Year 1,42869,Globalizing Your Classroom ,copy-core-k-5-year-1-module-2,88
43637,Core K-5 Year 1,43669,Becoming a Global Educator,copy-core-k-5-year-1-module-1-training,88
43641,Core K-5 Year 1,42741,Beyond Your Classroom ,copy-core-k-5-year-1-module-4,88
43641,Core K-5 Year 1,42785,Culture in the Classroom ,copy-core-k-5-year-1-module-3,88
43641,Core K-5 Year 1,42869,Globalizing Your Classroom ,copy-core-k-5-year-1-module-2,88
43641,Core K-5 Year 1,43669,Becoming a Global Educator,copy-core-k-5-year-1-module-1-training,88
43645,Core K-5 Year 1,42741,Beyond Your Classroom ,copy-core-k-5-year-1-module-4,88
43645,Core K-5 Year 1,42785,Culture in the Classroom ,copy-core-k-5-year-1-module-3,88
43645,Core K-5 Year 1,42869,Globalizing Your Classroom ,copy-core-k-5-year-1-module-2,88
43645,Core K-5 Year 1,43669,Becoming a Global Educator,copy-core-k-5-year-1-module-1-training,88
48877,DL 6-8 Year 1,42849,Social Entrepreneurship ,copy-dl-6-8-year-1-module-4,191
48877,DL 6-8 Year 1,42857,Globalizing Your Classroom ,copy-dl-6-8-year-1-module-2,191
48877,DL 6-8 Year 1,42865,Teaching Conceptually ,copy-dl-6-8-year-1-module-3,191
48877,DL 6-8 Year 1,43781,Becoming a Global Educator,copy-dl-6-8-year-1-module-1-training,191
49081,Core K-5 Year 1,42741,Beyond Your Classroom ,copy-core-k-5-year-1-module-4,88
49081,Core K-5 Year 1,42785,Culture in the Classroom ,copy-core-k-5-year-1-module-3,88
49081,Core K-5 Year 1,42869,Globalizing Your Classroom ,copy-core-k-5-year-1-module-2,88
49081,Core K-5 Year 1,43669,Becoming a Global Educator,copy-core-k-5-year-1-module-1-training,88
49477,Core K-5 Year 1,42741,Beyond Your Classroom ,copy-core-k-5-year-1-module-4,88
49477,Core K-5 Year 1,42785,Culture in the Classroom ,copy-core-k-5-year-1-module-3,88
49477,Core K-5 Year 1,42869,Globalizing Your Classroom ,copy-core-k-5-year-1-module-2,88
49477,Core K-5 Year 1,43669,Becoming a Global Educator,copy-core-k-5-year-1-module-1-training,88
49689,ELL K-12 Year 1,42825,Differentiation: Culturally Responsive Teaching in Action ,copy-ell-k-12-year-1-module-3,155
49689,ELL K-12 Year 1,42833,"Sheltered Instruction - The What, The Why and the How ",copy-ell-k-12-year-1-module-4,155
49689,ELL K-12 Year 1,43653,Globalizing Your Classroom and Instruction ,copy-ell-k-12-year-1-module-2,155
49689,ELL K-12 Year 1,43789,Becoming a Global Educator,copy-ell-k-12-year-1-module-1-training,155
49693,ELL K-12 Year 1,42825,Differentiation: Culturally Responsive Teaching in Action ,copy-ell-k-12-year-1-module-3,155
49693,ELL K-12 Year 1,42833,"Sheltered Instruction - The What, The Why and the How ",copy-ell-k-12-year-1-module-4,155
49693,ELL K-12 Year 1,43653,Globalizing Your Classroom and Instruction ,copy-ell-k-12-year-1-module-2,155
49693,ELL K-12 Year 1,43789,Becoming a Global Educator,copy-ell-k-12-year-1-module-1-training,155
49697,ELL K-12 Year 1,42825,Differentiation: Culturally Responsive Teaching in Action ,copy-ell-k-12-year-1-module-3,155
49697,ELL K-12 Year 1,42833,"Sheltered Instruction - The What, The Why and the How ",copy-ell-k-12-year-1-module-4,155
49697,ELL K-12 Year 1,43653,Globalizing Your Classroom and Instruction ,copy-ell-k-12-year-1-module-2,155
49697,ELL K-12 Year 1,43789,Becoming a Global Educator,copy-ell-k-12-year-1-module-1-training,155
49701,ELL K-12 Year 1,42825,Differentiation: Culturally Responsive Teaching in Action ,copy-ell-k-12-year-1-module-3,155
49701,ELL K-12 Year 1,42833,"Sheltered Instruction - The What, The Why and the How ",copy-ell-k-12-year-1-module-4,155
49701,ELL K-12 Year 1,43653,Globalizing Your Classroom and Instruction ,copy-ell-k-12-year-1-module-2,155
49701,ELL K-12 Year 1,43789,Becoming a Global Educator,copy-ell-k-12-year-1-module-1-training,155
49705,ELL K-12 Year 1,42825,Differentiation: Culturally Responsive Teaching in Action ,copy-ell-k-12-year-1-module-3,155
49705,ELL K-12 Year 1,42833,"Sheltered Instruction - The What, The Why and the How ",copy-ell-k-12-year-1-module-4,155
49705,ELL K-12 Year 1,43653,Globalizing Your Classroom and Instruction ,copy-ell-k-12-year-1-module-2,155
49705,ELL K-12 Year 1,43789,Becoming a Global Educator,copy-ell-k-12-year-1-module-1-training,155
49709,ELL K-12 Year 1,42825,Differentiation: Culturally Responsive Teaching in Action ,copy-ell-k-12-year-1-module-3,155
49709,ELL K-12 Year 1,42833,"Sheltered Instruction - The What, The Why and the How ",copy-ell-k-12-year-1-module-4,155
49709,ELL K-12 Year 1,43653,Globalizing Your Classroom and Instruction ,copy-ell-k-12-year-1-module-2,155
49709,ELL K-12 Year 1,43789,Becoming a Global Educator,copy-ell-k-12-year-1-module-1-training,155
49745,Core K-5 Year 1,42741,Beyond Your Classroom ,copy-core-k-5-year-1-module-4,88
49745,Core K-5 Year 1,42785,Culture in the Classroom ,copy-core-k-5-year-1-module-3,88
49745,Core K-5 Year 1,42869,Globalizing Your Classroom ,copy-core-k-5-year-1-module-2,88
49745,Core K-5 Year 1,43669,Becoming a Global Educator,copy-core-k-5-year-1-module-1-training,88
49749,Core K-5 Year 1,42741,Beyond Your Classroom ,copy-core-k-5-year-1-module-4,88
49749,Core K-5 Year 1,42785,Culture in the Classroom ,copy-core-k-5-year-1-module-3,88
49749,Core K-5 Year 1,42869,Globalizing Your Classroom ,copy-core-k-5-year-1-module-2,88
49749,Core K-5 Year 1,43669,Becoming a Global Educator,copy-core-k-5-year-1-module-1-training,88
49753,Core K-5 Year 1,42741,Beyond Your Classroom ,copy-core-k-5-year-1-module-4,88
49753,Core K-5 Year 1,42785,Culture in the Classroom ,copy-core-k-5-year-1-module-3,88
49753,Core K-5 Year 1,42869,Globalizing Your Classroom ,copy-core-k-5-year-1-module-2,88
49753,Core K-5 Year 1,43669,Becoming a Global Educator,copy-core-k-5-year-1-module-1-training,88
49765,Core K-5 Year 1,42741,Beyond Your Classroom ,copy-core-k-5-year-1-module-4,88
49765,Core K-5 Year 1,42785,Culture in the Classroom ,copy-core-k-5-year-1-module-3,88
49765,Core K-5 Year 1,42869,Globalizing Your Classroom ,copy-core-k-5-year-1-module-2,88
49765,Core K-5 Year 1,43669,Becoming a Global Educator,copy-core-k-5-year-1-module-1-training,88
49769,Core K-5 Year 1,42741,Beyond Your Classroom ,copy-core-k-5-year-1-module-4,88
49769,Core K-5 Year 1,42785,Culture in the Classroom ,copy-core-k-5-year-1-module-3,88
49769,Core K-5 Year 1,42869,Globalizing Your Classroom ,copy-core-k-5-year-1-module-2,88
49769,Core K-5 Year 1,43669,Becoming a Global Educator,copy-core-k-5-year-1-module-1-training,88
49773,Core K-5 Year 1,42741,Beyond Your Classroom ,copy-core-k-5-year-1-module-4,88
49773,Core K-5 Year 1,42785,Culture in the Classroom ,copy-core-k-5-year-1-module-3,88
49773,Core K-5 Year 1,42869,Globalizing Your Classroom ,copy-core-k-5-year-1-module-2,88
49773,Core K-5 Year 1,43669,Becoming a Global Educator,copy-core-k-5-year-1-module-1-training,88
49777,Core K-5 Year 1,42741,Beyond Your Classroom ,copy-core-k-5-year-1-module-4,88
49777,Core K-5 Year 1,42785,Culture in the Classroom ,copy-core-k-5-year-1-module-3,88
49777,Core K-5 Year 1,42869,Globalizing Your Classroom ,copy-core-k-5-year-1-module-2,88
49777,Core K-5 Year 1,43669,Becoming a Global Educator,copy-core-k-5-year-1-module-1-training,88
49781,Core K-5 Year 1,42741,Beyond Your Classroom ,copy-core-k-5-year-1-module-4,88
49781,Core K-5 Year 1,42785,Culture in the Classroom ,copy-core-k-5-year-1-module-3,88
49781,Core K-5 Year 1,42869,Globalizing Your Classroom ,copy-core-k-5-year-1-module-2,88
49781,Core K-5 Year 1,43669,Becoming a Global Educator,copy-core-k-5-year-1-module-1-training,88
49785,Core K-5 Year 1,42741,Beyond Your Classroom ,copy-core-k-5-year-1-module-4,88
49785,Core K-5 Year 1,42785,Culture in the Classroom ,copy-core-k-5-year-1-module-3,88
49785,Core K-5 Year 1,42869,Globalizing Your Classroom ,copy-core-k-5-year-1-module-2,88
49785,Core K-5 Year 1,43669,Becoming a Global Educator,copy-core-k-5-year-1-module-1-training,88
49801,Core 6-12 Year 1,42769,Globalizing Your Classroom ,copy-core-6-12-year-1-module-2,91
49801,Core 6-12 Year 1,42797,Teaching Conceptually ,copy-core-6-12-year-1-module-3,91
49801,Core 6-12 Year 1,42801,Social Entrepreneurship ,copy-core-6-12-year-1-module-4,91
49801,Core 6-12 Year 1,43817,Becoming a Global Educator,copy-core-6-12-year-1-module-1-training,91
49805,Core 6-12 Year 1,42769,Globalizing Your Classroom ,copy-core-6-12-year-1-module-2,91
49805,Core 6-12 Year 1,42797,Teaching Conceptually ,copy-core-6-12-year-1-module-3,91
49805,Core 6-12 Year 1,42801,Social Entrepreneurship ,copy-core-6-12-year-1-module-4,91
49805,Core 6-12 Year 1,43817,Becoming a Global Educator,copy-core-6-12-year-1-module-1-training,91
49809,Core 6-12 Year 1,42769,Globalizing Your Classroom ,copy-core-6-12-year-1-module-2,91
49809,Core 6-12 Year 1,42797,Teaching Conceptually ,copy-core-6-12-year-1-module-3,91
49809,Core 6-12 Year 1,42801,Social Entrepreneurship ,copy-core-6-12-year-1-module-4,91
49809,Core 6-12 Year 1,43817,Becoming a Global Educator,copy-core-6-12-year-1-module-1-training,91
49813,Core 6-12 Year 1,42769,Globalizing Your Classroom ,copy-core-6-12-year-1-module-2,91
49813,Core 6-12 Year 1,42797,Teaching Conceptually ,copy-core-6-12-year-1-module-3,91
49813,Core 6-12 Year 1,42801,Social Entrepreneurship ,copy-core-6-12-year-1-module-4,91
49813,Core 6-12 Year 1,43817,Becoming a Global Educator,copy-core-6-12-year-1-module-1-training,91
49981,Core K-5 Year 1,42741,Beyond Your Classroom ,copy-core-k-5-year-1-module-4,88
49981,Core K-5 Year 1,42785,Culture in the Classroom ,copy-core-k-5-year-1-module-3,88
49981,Core K-5 Year 1,42869,Globalizing Your Classroom ,copy-core-k-5-year-1-module-2,88
49981,Core K-5 Year 1,43669,Becoming a Global Educator,copy-core-k-5-year-1-module-1-training,88
49985,Core K-5 Year 1,42741,Beyond Your Classroom ,copy-core-k-5-year-1-module-4,88
49985,Core K-5 Year 1,42785,Culture in the Classroom ,copy-core-k-5-year-1-module-3,88
49985,Core K-5 Year 1,42869,Globalizing Your Classroom ,copy-core-k-5-year-1-module-2,88
49985,Core K-5 Year 1,43669,Becoming a Global Educator,copy-core-k-5-year-1-module-1-training,88
50069,Core K-5 Year 1,42741,Beyond Your Classroom ,copy-core-k-5-year-1-module-4,88
50069,Core K-5 Year 1,42785,Culture in the Classroom ,copy-core-k-5-year-1-module-3,88
50069,Core K-5 Year 1,42869,Globalizing Your Classroom ,copy-core-k-5-year-1-module-2,88
50069,Core K-5 Year 1,43669,Becoming a Global Educator,copy-core-k-5-year-1-module-1-training,88
50085,ELL K-12 Year 1,42825,Differentiation: Culturally Responsive Teaching in Action ,copy-ell-k-12-year-1-module-3,155
50085,ELL K-12 Year 1,42833,"Sheltered Instruction - The What, The Why and the How ",copy-ell-k-12-year-1-module-4,155
50085,ELL K-12 Year 1,43653,Globalizing Your Classroom and Instruction ,copy-ell-k-12-year-1-module-2,155
50085,ELL K-12 Year 1,43789,Becoming a Global Educator,copy-ell-k-12-year-1-module-1-training,155
50353,Core 6-12 Year 1,42769,Globalizing Your Classroom ,copy-core-6-12-year-1-module-2,91
50353,Core 6-12 Year 1,42797,Teaching Conceptually ,copy-core-6-12-year-1-module-3,91
50353,Core 6-12 Year 1,42801,Social Entrepreneurship ,copy-core-6-12-year-1-module-4,91
50353,Core 6-12 Year 1,43817,Becoming a Global Educator,copy-core-6-12-year-1-module-1-training,91
50361,Core 6-12 Year 1,42769,Globalizing Your Classroom ,copy-core-6-12-year-1-module-2,91
50361,Core 6-12 Year 1,42797,Teaching Conceptually ,copy-core-6-12-year-1-module-3,91
50361,Core 6-12 Year 1,42801,Social Entrepreneurship ,copy-core-6-12-year-1-module-4,91
50361,Core 6-12 Year 1,43817,Becoming a Global Educator,copy-core-6-12-year-1-module-1-training,91
50683,Core K-5 Year 1,42741,Beyond Your Classroom ,copy-core-k-5-year-1-module-4,88
50683,Core K-5 Year 1,42785,Culture in the Classroom ,copy-core-k-5-year-1-module-3,88
50683,Core K-5 Year 1,42869,Globalizing Your Classroom ,copy-core-k-5-year-1-module-2,88
50683,Core K-5 Year 1,43669,Becoming a Global Educator,copy-core-k-5-year-1-module-1-training,88
50687,Core K-5 Year 1,42741,Beyond Your Classroom ,copy-core-k-5-year-1-module-4,88
50687,Core K-5 Year 1,42785,Culture in the Classroom ,copy-core-k-5-year-1-module-3,88
50687,Core K-5 Year 1,42869,Globalizing Your Classroom ,copy-core-k-5-year-1-module-2,88
50687,Core K-5 Year 1,43669,Becoming a Global Educator,copy-core-k-5-year-1-module-1-training,88
50691,Core K-5 Year 1,42741,Beyond Your Classroom ,copy-core-k-5-year-1-module-4,88
50691,Core K-5 Year 1,42785,Culture in the Classroom ,copy-core-k-5-year-1-module-3,88
50691,Core K-5 Year 1,42869,Globalizing Your Classroom ,copy-core-k-5-year-1-module-2,88
50691,Core K-5 Year 1,43669,Becoming a Global Educator,copy-core-k-5-year-1-module-1-training,88
50695,Core K-5 Year 1,42741,Beyond Your Classroom ,copy-core-k-5-year-1-module-4,88
50695,Core K-5 Year 1,42785,Culture in the Classroom ,copy-core-k-5-year-1-module-3,88
50695,Core K-5 Year 1,42869,Globalizing Your Classroom ,copy-core-k-5-year-1-module-2,88
50695,Core K-5 Year 1,43669,Becoming a Global Educator,copy-core-k-5-year-1-module-1-training,88
50699,Core K-5 Year 1,42741,Beyond Your Classroom ,copy-core-k-5-year-1-module-4,88
50699,Core K-5 Year 1,42785,Culture in the Classroom ,copy-core-k-5-year-1-module-3,88
50699,Core K-5 Year 1,42869,Globalizing Your Classroom ,copy-core-k-5-year-1-module-2,88
50699,Core K-5 Year 1,43669,Becoming a Global Educator,copy-core-k-5-year-1-module-1-training,88
50703,Core K-5 Year 1,42741,Beyond Your Classroom ,copy-core-k-5-year-1-module-4,88
50703,Core K-5 Year 1,42785,Culture in the Classroom ,copy-core-k-5-year-1-module-3,88
50703,Core K-5 Year 1,42869,Globalizing Your Classroom ,copy-core-k-5-year-1-module-2,88
50703,Core K-5 Year 1,43669,Becoming a Global Educator,copy-core-k-5-year-1-module-1-training,88
50707,Core K-5 Year 1,42741,Beyond Your Classroom ,copy-core-k-5-year-1-module-4,88
50707,Core K-5 Year 1,42785,Culture in the Classroom ,copy-core-k-5-year-1-module-3,88
50707,Core K-5 Year 1,42869,Globalizing Your Classroom ,copy-core-k-5-year-1-module-2,88
50707,Core K-5 Year 1,43669,Becoming a Global Educator,copy-core-k-5-year-1-module-1-training,88
51829,Core K-5 Year 1,42741,Beyond Your Classroom ,copy-core-k-5-year-1-module-4,88
51829,Core K-5 Year 1,42785,Culture in the Classroom ,copy-core-k-5-year-1-module-3,88
51829,Core K-5 Year 1,42869,Globalizing Your Classroom ,copy-core-k-5-year-1-module-2,88
51829,Core K-5 Year 1,43669,Becoming a Global Educator,copy-core-k-5-year-1-module-1-training,88
